Gender German,Noun German,English US,Difficulty,Topic,German
der,Aal,eel,M,Animals,der Aal
der,Abend,evening,A,Time,der Abend
das,Abendessen,dinner,A,Food,das Abendessen
das,Abenteuer,adventure,B,Leisure,das Abenteuer
der,Abfall,garbage,A,Society,der Abfall
das,Abitur,A-levels,A,Education,das Abitur
das,Abo,subscription ,A,Society,das Abo
die,Abschlussfeier,graduation ceremony ,A,Education,die Abschlussfeier
die,Absicht,intention,A,Psychology,die Absicht
der,Absturz,crash,M,Society,der Absturz
die,Abteilung,department,M,Society,die Abteilung
die,Abwesenheit,absence,M,Conceptional,die Abwesenheit
der,Abzug,deduction,A,Conceptional,der Abzug
das,Achselzucken,shrug,A,Society,das Achselzucken
der,Adler,eagle,B,Animals,der Adler
die,Adresse,address,B,Society,die Adresse
der,Advent,advent,B,Society,der Advent
die,Affäre,affair,M,Conceptional,die Affäre
der,Affe,monkey,B,Animals,der Affe
der,Agent,agent,M,Work,der Agent
die,Agentur,agency,B,Work,die Agentur
die,Agrikultur,agriculture,B,Work,die Agrikultur
der,Airbag,airbag,A,Transportation,der Airbag
die,Akrobatik,acrobatics,M,Leisure,die Akrobatik
der,Akt,act,B,Conceptional,der Akt
die,Aktentasche,briefcase,A,Work,die Aktentasche
die,Aktie,share,A,Work,die Aktie
die,Aktion,action,B,Leisure,die Aktion
die,Aktion,action ,B,Military,die Aktion
die,Aktivität,activity,B,Leisure,die Aktivität
der,Akzent,accent,M,Society,der Akzent
der,Albtraum,nightmare,A,Psychology,der Albtraum
das,Album,album,B,The arts,das Album
der,Alkohol,alcohol,B,Food,der Alkohol
das,Allgemeine,generality,A,Conceptional,das Allgemeine
die,Allianz,alliance,M,Military,die Allianz
der,Alligator,alligator,B,Animals,der Alligator
der,Altar,altar,M,Society,der Altar
das,Alter,age,B,Time,das Alter
das,Aluminium,aluminum,A,Conceptional,das Aluminium
die,Ameise,ant,A,Animals,die Ameise
die,Amsel,blackbird,A,Animals,die Amsel
die ,Ananas,pineapple,M,Food,die  Ananas
der,Anfang,beginning,A,Time,der Anfang
die,Anforderung,request,A,Society,die Anforderung
die,Anforderung,requirement,A,Work,die Anforderung
das,Angebot,offer,A,Shopping,das Angebot
die,Angel,hinge,A,House,die Angel
das,Angeln,fishing,A,Leisure,das Angeln
der,Angestellte,employee (male),B,Work,der Angestellte
die,Angewohnheit,habit,M,Psychology,die Angewohnheit
der,Angriff,attack,M,Military,der Angriff
die,Angst,fear,A,Psychology,die Angst
der,Anhänger,trailer,M,Transportation,der Anhänger
die,Ankunft,arrival,B,Transportation,die Ankunft
die,Anleitung,instructions,B,Work,die Anleitung
der,Anruf,phone call,B,Work,der Anruf
der,Ansatz,approach,B,Conceptional,der Ansatz
der,Anspruch,claim,A,Society,der Anspruch
der,Ansturm,onslaught,A,Military,der Ansturm
die,Antiquität,antiquity,M,The arts,die Antiquität
die,Antwort,answer,B,Science,die Antwort
die,Antwort,answer,M,Education,die Antwort
der,Anwalt,attorney,A,Society,der Anwalt
die ,Anwältin,lawyer (female),A,Work,die Anwältin
die,Anzahl,number,A,Science,die Anzahl
die,Anzeige,ad,M,Shopping,die Anzeige
der,Anzug,suit,A,Shopping,der Anzug
das,Apartment,apartment,B,House,das Apartment
der,Apfel,apple,B,Food,der Apfel
das,Äpfelchen,little apple,M,Food,das Äpfelchen
die ,Aprikose,apricot,A,Food,die  Aprikose
der,April,April,B,Time,der April
das,Aquarium,aquarium,B,Animals,das Aquarium
die,Arbeit,work,B,Work,die Arbeit
der,Arbeiter,worker,B,Work,der Arbeiter
die,Arbeiterin,worker (female),B,Work,die Arbeiterin
der,Arbeitnehmer,employee,B,Work,der Arbeitnehmer
die,Arbeitnehmerin,employee (female),B,Work,die Arbeitnehmerin
die,Architektin,architect (female),M,Work,die Architektin
das,Argument,argument,B,Society,das Argument
der,Arm,arm,B,Health,der Arm
die,Armee,army,B,Military,die Armee
der,Ärmel ,sleeve,A,Shopping,der Ärmel 
die,Art,type,A,Conceptional,die Art
der,Artikel,article,B,Conceptional,der Artikel
die,Artillerie,artillery ,B,Military,die Artillerie
die,Arznei,medecine,A,Science,die Arznei
die,Ärztin,doctor (female),M,Work,die Ärztin
die,Asche,ash,A,Science,die Asche
der,Aspekt,aspect,B,Conceptional,der Aspekt
das,Ass,ace,A,Leisure,das Ass
der,Assistent,assistant,M,Work,der Assistent
der,Ast,branch,A,Nature,der Ast
der,Asteroid,asteroid ,A,Science,der Asteroid
der,Atem,breath,A,Health,der Atem
die,Athletik,athletics,M,Leisure,die Athletik
die,Atmosphäre,atmosphere,M,Science,die Atmosphäre
die,Attitüde,attitude,A,Psychology,die Attitüde
die,Auffahrt,driveway,A,House,die Auffahrt
die,Aufgabe,task,B,Work,die Aufgabe
die,Aufmerksamkeit,attention,M,Conceptional,die Aufmerksamkeit
der,Aufprall,impact,M,Conceptional,der Aufprall
die,Aufregung,excitement,A,Psychology,die Aufregung
der,Aufstand,insurgency ,A,Military,der Aufstand
der,Auftrag,order,A,Conceptional,der Auftrag
der,Aufwand,effort,M,Psychology,der Aufwand
der,Aufzug,elevator,A,Transportation,der Aufzug
das,Auge,eye,M,Health,das Auge
die,Augenbraue,eyebrow,M,Health,die Augenbraue
das,Augenlid,eyelid,A,Health,das Augenlid
der,August,August,B,Time,der August
der,Ausdruck,expression,M,Society,der Ausdruck
der,Ausgang,exit,A,House,der Ausgang
der,Ausländer,foreigner,M,Society,der Ausländer
die,Ausrüstung,equipment,M,Work,die Ausrüstung
die,Aussage,statement,B,Society,die Aussage
das,Aussehen,look,A,Shopping,das Aussehen
die,Aussicht,view,A,Nature,die Aussicht
die,Ausstellung,exhibition ,A,The arts,die Ausstellung
der,Austausch,swap,M,Conceptional,der Austausch
das,Auto,car,B,Transportation,das Auto
die,Autobahn,highway,M,Transportation,die Autobahn
der,Autor,author,B,The arts,der Autor
die,Autorität,authority,M,Military,die Autorität
die,Autorität,authority,B,Society,die Autorität
die,Avocado,avocado,M,Food,die Avocado
das,Baby,baby,B,Family,das Baby
das,Babysitting,babysitting,B,Work,das Babysitting
der,Bach,brook,A,Nature,der Bach
der,Backofen,oven,M,Food,der Backofen
das,Bad,bath,B,House,das Bad
das,Badezimmer,bathroom,M,House,das Badezimmer
der,Bahnhof,train station,B,Transportation,der Bahnhof
das,Bakterium,bacterium,M,Health,das Bakterium
die,Balance,balance,M,Science,die Balance
der,Balkon,balcony,M,House,der Balkon
der,Ball,ball,B,Leisure,der Ball
der,Ballon,balloon,M,Leisure,der Ballon
die ,Banane,banana,B,Food,die  Banane
die,Bank,bank,B,Work,die Bank
die,Bar,bar,B,Food,die Bar
der,Bär,bear,M,Animals,der Bär
der,Barkeeper,bartender,M,Work,der Barkeeper
der,Bart,beard,A,Health,der Bart
der,Baseball,baseball,A,Leisure,der Baseball
die,Basis,base,M,Science,die Basis
der,Basketball,basketball,B,Leisure,der Basketball
die,Batterie,battery,B,Work,die Batterie
der,Bau,construction,A,House,der Bau
der,Bauch,belly,M,Health,der Bauch
der,Bauer,farmer,A,Work,der Bauer
der,Bauernhof,farm,M,House,der Bauernhof
der,Baum,tree,B,Nature,der Baum
die,Baumwolle,cotton,A,Shopping,die Baumwolle
der,Beamte,official,B,Work,der Beamte
die ,Beamtin,official (female),A,Work,die Beamtin
der,Beat,beat,A,Conceptional,der Beat
der,Becher,mug,A,Food,der Becher
das,Bedauern,regret,M,Psychology,das Bedauern
die,Bedeutung,meaning,M,Psychology,die Bedeutung
die,Bedrohung,threat,B,Conceptional,die Bedrohung
das,Bedürfnis,need,A,Psychology,das Bedürfnis
der,Befehl,order,M,Military,der Befehl
die,Begabung,gift,M,Society,die Begabung
die,Begegnung,meeting,B,Society,die Begegnung
die,Begeisterung,enthusiasm,A,Psychology,die Begeisterung
der,Begleiter,companion,M,Work,der Begleiter
das,Begräbnis,funeral,A,Society,das Begräbnis
der,Begriff,term,A,Conceptional,der Begriff
die,Begrüßung,greeting,M,Society,die Begrüßung
die,Behandlung,treatment,A,Health,die Behandlung
das,Bein,leg,B,Health,das Bein
das,Beispiel,example,M,Conceptional,das Beispiel
der,Beitrag,contribution,A,Society,der Beitrag
die,Bekleidung,clothing,A,Leisure,die Bekleidung
die,Bemerkung,remark,M,Conceptional,die Bemerkung
die,Beobachtung,observation,B,Psychology,die Beobachtung
der,Bereich,area,M,Society,der Bereich
der,Berg,mountain,A,Nature,der Berg
der,Bericht,report,B,Work,der Bericht
der,Beruf,job,B,Work,der Beruf
die,Berührung,touch,M,Health,die Berührung
die,Besatzung,crew,M,Work,die Besatzung
die,Beschwerde,complaint,M,Shopping,die Beschwerde
der,Besitz,possession,M,Society,der Besitz
die,Bestellung,order,B,Work,die Bestellung
der,Besuch,visit,A,Society,der Besuch
der,Besucher,visitor,A,Society,der Besucher
der,Betrag,amount,A,Work,der Betrag
der,Betreiber,operator,A,Work,der Betreiber
der,Betrieb,business,M,Work,der Betrieb
das,Bett,bed,B,House,das Bett
das,Bettlein,little bed,A,House,das Bettlein
der,Beutel,bag,M,Shopping,der Beutel
die,Bevölkerung,population,A,Society,die Bevölkerung
die,Bewegung,move,A,Leisure,die Bewegung
der,Beweis,proof,A,Science,der Beweis
die,Bewertung,assessment ,A,Education,die Bewertung
der,Bewohner,resident,B,House,der Bewohner
das,Bewusstsein,consciousness,A,Psychology,das Bewusstsein
die,Beziehung,relation ,B,Family,die Beziehung
die,Bibel,Bible,B,Society,die Bibel
der,Biber,beaver,A,Animals,der Biber
die,Bibliothek,library,B,Education,die Bibliothek
die,Biene,bee,B,Animals,die Biene
das,Bier,beer,B,Food,das Bier
der,Bierbauch,beer belly,A,Health,der Bierbauch
das,Biest,beast,A,Animals,das Biest
die,Bilanz,balance,M,Conceptional,die Bilanz
das,Bild,picture,M,The arts,das Bild
der,Bildschirm,screen,B,Work,der Bildschirm
die,Bildung,formation,M,Education,die Bildung
die,Bindung,bond,M,Conceptional,die Bindung
die,Birke,birch,M,Nature,die Birke
der,Bischof,bishop,A,Society,der Bischof
die,Bise,bise,A,Nature,die Bise
der,Biss,bite,M,Food,der Biss
das,Bistro,bistro,M,Food,das Bistro
die,Blase,bubble,A,Science,die Blase
das,Blatt,leaf,B,Nature,das Blatt
das,Blau,blue,B,Conceptional,das Blau
das,Blei,lead,A,Conceptional,das Blei
der,Bleistift,pencil,A,Education,der Bleistift
der,Blick,glance,M,Health,der Blick
der,Blitz,lightning,M,Nature,der Blitz
der,Block,block,B,Conceptional,der Block
die,Blume,flower,B,Nature,die Blume
die,Bluse,blouse,B,Shopping,die Bluse
das,Blut,blood,B,Health,das Blut
der,Bluterguss,bruise,A,Health,der Bluterguss
die,Bö,squall ,A,Nature,die Bö
der,Bob,bob,A,Leisure,der Bob
die,Bohne,bean,A,Food,die Bohne
die,Bombe,bomb,M,Military,die Bombe
das,Boot,boat,M,Transportation,das Boot
die,Botanik,botany,M,Science,die Botanik
die,Botschaft,message,A,Society,die Botschaft
das,Bowling,bowling,B,Leisure,das Bowling
das,Brainstorming,brainstorming,B,Work,das Brainstorming
die,Branche,branch,M,Science,die Branche
das,Braun,brown,A,The arts,das Braun
die,Braut,bride,M,Family,die Braut
der,Bräutigam,groom ,A,Family,der Bräutigam
die,Bremse,brake,M,Transportation,die Bremse
der,Brief,letter,B,Work,der Brief
die,Brillanz,brilliance,B,Conceptional,die Brillanz
die,Brise,breeze,A,Nature,die Brise
das,Brot,bread,M,Food,das Brot
das,Brötchen,bun,A,Health,das Brötchen
der,Bruch,fracture,A,Health,der Bruch
die,Brücke,bridge,M,Transportation,die Brücke
der,Bruder,brother,B,Family,der Bruder
die,Bruderschaft,brotherhood,A,Family,die Bruderschaft
der,Brunnen,fountain / well,M,Society,der Brunnen
die,Brust,breast,B,Health,die Brust
das,Buch,book,B,The arts,das Buch
die,Buche,beech,M,Nature,die Buche
der,Buchstabe,letter,A,Society,der Buchstabe
die,Bucht,bay,A,Nature,die Bucht
der,Büffel,buffalo,A,Animals,der Büffel
die,Bühne,stage,M,The arts,die Bühne
der,Bulle,bull,B,Animals,der Bulle
das,Bündel,bundle,A,Conceptional,das Bündel
die,Burg,castle,M,House,die Burg
der,Bürger,citizen,A,Society,der Bürger
die ,Bürgerin,citizen (female),A,Work,die Bürgerin
der,Bürgermeister,mayor,A,Work,der Bürgermeister
der,Bürgersteig,sidewalk,M,Society,der Bürgersteig
das,Büro,office,B,Work,das Büro
der,Bus,bus,B,Transportation,der Bus
der,Busch,bush,A,Nature,der Busch
die,Butter,butter,M,Food,die Butter
das,Cabrio,convertible,M,Transportation,das Cabrio
das,Café,café,M,Food,das Café
das,Camp,camp,M,Society,das Camp
das,Camping,camping,B,Leisure,das Camping
der,Campus,campus,B,Education,der Campus
der,Cappuccino ,Cappuccino,B,Food,der Cappuccino 
der,Champagner,champagne,M,Food,der Champagner
die,Chance,chance,B,Conceptional,die Chance
das,Chaos,chaos,B,Society,das Chaos
der,Charakter,character,M,Psychology,der Charakter
der,Charme,charm,M,Psychology,der Charme
der,Chef,boss,B,Work,der Chef
das,China,China,B,Society,das China
das,Chinesisch,Chinese (language),B,Education,das Chinesisch
der,Chip,chip,M,Work,der Chip
der,Chor,choir,B,The arts,der Chor
das,Chrom,chrome,B,Conceptional,das Chrom
die,Chronologie,chronology,B,Time,die Chronologie
das,Chronometer,chronometer ,B,Time,das Chronometer
das,Clearing,clearing,B,Work,das Clearing
der,Club,club,M,Leisure,der Club
der,Code,code,B,Work,der Code
das,College,college,B,Education,das College
der,Computer,computer,B,Work,der Computer
der,Container,container,M,Science,der Container
das,Controlling,controlling,B,Work,das Controlling
die,Couch,couch,B,House,die Couch
der,Cousin,cousin,B,Family,der Cousin
der,Cowboy,cowboy,A,Work,der Cowboy
die,Creme,cream,B,Food,die Creme
das,Croissant,croissant,B,Food,das Croissant
das,Dach,roof,A,House,das Dach
der,Dachboden,attic,A,House,der Dachboden
der,Dackel,dachshund,A,Animals,der Dackel
die,Dame,lady,B,Society,die Dame
die,Dämmerung,twilight,A,Nature,die Dämmerung
der,Dämon,demon,M,Education,der Dämon
der,Dampf,steam,M,Science,der Dampf
der,Dank,gratitude,M,Conceptional,der Dank
der,Darm,bowel,A,Health,der Darm
die,Datei,file,A,Work,die Datei
der,Datensatz,record,M,Work,der Datensatz
das,Datum,date,B,Time,das Datum
der,Daumen,thumb,M,Health,der Daumen
der,Deal,deal,M,Work,der Deal
das,Deck,deck,M,House,das Deck
die,Decke,blanket,B,House,die Decke
der,Deckel,lid,A,House,der Deckel
der,Dekan,dean,A,Education,der Dekan
der,Delphin,dolphin,M,Animals,der Delphin
der,Demonstrant,protester ,M,Society,der Demonstrant
das,Denken,thinking,A,Psychology,das Denken
das,Denkmal,memorial,A,Military,das Denkmal
das,Deo,deodorant,M,Shopping,das Deo
die,Depression,depression,M,Psychology,die Depression
der,Schwager,the brother-in-law,A,Family,der Schwager
der,Schwiegersohn,the son-in-law ,A,Family,der Schwiegersohn
der,Schwiegervater,the father-in-law,A,Family,der Schwiegervater
das,Design,design,B,The arts,das Design
das,Design,design ,B,The arts,das Design
das,Detail,detail,B,The arts,das Detail
der,Detektiv,detective,M,Society,der Detektiv
das ,Deutsch,German (language),B,Education,das  Deutsch
der,Dezember,December,B,Time,der Dezember
das,Diagramm,diagram,M,Science,das Diagramm
der,Diamant,diamond,A,Nature,der Diamant
der,Dichter,poet,A,Education,der Dichter
die,Dichtung,poetry,M,The arts,die Dichtung
die,Dicke,thickness,A,Society,die Dicke
die,Schwägerin,the sister-in-law,A,Family,die Schwägerin
die,Schwiegermutter,the mother-in-law ,A,Family,die Schwiegermutter
die,Schwiegertochter,the daughter-in-law,A,Family,die Schwiegertochter
der,Dieb,thief,M,Society,der Dieb
der,Diener,servant,A,Work,der Diener
der,Dienstag,Tuesday,M,Time,der Dienstag
das,Dienstmädchen,maid,A,Work,das Dienstmädchen
das,Ding,thing,M,Conceptional,das Ding
der,Dinosaurier,dinosaur,B,Animals,der Dinosaurier
das,Diplom,diploma,M,Education,das Diplom
der,Direktor,director,B,Work,der Direktor
der,Dirigent,conductor,M,Work,der Dirigent
die,Disco,disco,M,Leisure,die Disco
die,Diskussion,discussion,B,Leisure,die Diskussion
die,Dissertation,dissertation ,B,Education,die Dissertation
die,Distanz,distance,B,Transportation,die Distanz
das,Dock,dock,A,Transportation,das Dock
der,Doktor,doctor,B,Work,der Doktor
das,Dokument,document,B,Work,das Dokument
die,Dominanz,dominance,B,Society,die Dominanz
der,Donner,thunder,A,Nature,der Donner
der,Donnerstag,Thursday,M,Time,der Donnerstag
das,Doping,doping,B,Health,das Doping
das,Dorf,village,A,Society,das Dorf
die,Dose,can,M,Food,die Dose
der,Drache,dragon,B,Animals,der Drache
das,Drama,drama,B,The arts,das Drama
der,Drang,urge,M,Psychology,der Drang
der,Dreck,dirt,B,House,der Dreck
das,Dressing,dressing,M,Food,das Dressing
der,Drink,drink,M,Food,der Drink
der,Druck,pressure,A,Science,der Druck
der,Dschungel,jungle,M,Nature,der Dschungel
der,Duft,scent,A,Nature,der Duft
der,Dung,dung,M,Nature,der Dung
die,Dunkelheit,darkness,A,Science,die Dunkelheit
der,Durchgang,passage,A,Transportation,der Durchgang
der,Durchschnitt,avarage,A,Science,der Durchschnitt
die,Dusche,shower,A,House,die Dusche
die,E-Mail,email,B,Work,die E-Mail
die,Ebene,plain,A,Nature,die Ebene
das,Echo,echo,A,Science,das Echo
die,Ecke,corner,M,Science,die Ecke
der,Effekt,effect,M,Science,der Effekt
das,Ego,Ego,B,Psychology,das Ego
die,Ehe,marriage,A,Family,die Ehe
die,Ehefrau,wife,A,Family,die Ehefrau
der,Ehemann,husband,B,Family,der Ehemann
das,Ehepaar,couple,A,Family,das Ehepaar
die,Ehre,honor,A,Conceptional,die Ehre
das,Ei,egg,B,Food,das Ei
die,Eiche,oak,M,Nature,die Eiche
die,Eichel,acorn,A,Nature,die Eichel
das,Eichhörnchen,squirrel,A,Animals,das Eichhörnchen
die,Eigenschaft,characteristic,M,Psychology,die Eigenschaft
die,Eile,hurry,A,Psychology,die Eile
der,Eimer,bucket,M,House,der Eimer
der,Eindruck,impression,A,Conceptional,der Eindruck
der,Eingang,entrance,B,House,der Eingang
die,Einheit,unity,M,Society,die Einheit
die,Einheit,unit,A,Military,die Einheit
der,Einkauf,purchase,M,Shopping,der Einkauf
das,Einkaufszentrum,mall,M,Shopping,das Einkaufszentrum
die,Einladung,invitation,A,Society,die Einladung
der,Einsatz,deployment,M,Society,der Einsatz
der,Einsatz,deployment ,A,Military,die Einsatz
die,Einschiffung,embarkation ,A,Military,die Einschiffung
die,Einstellung,adjustment,A,Conceptional,die Einstellung
der,Eintritt,admission,A,The arts,der Eintritt
das,Eis,ice,B,Nature,das Eis
das,Eisen,iron,A,Nature,das Eisen
die,Eisenbahn,railroad,A,Transportation,die Eisenbahn
der,Ekel,disgust,A,Conceptional,der Ekel
der,Elefant,elephant,B,Animals,der Elefant
die,Eleganz,elegance,B,Conceptional,die Eleganz
der,Elektriker,electrician,M,Work,der Elektriker
die,Elektrizität,electricity,B,Society,die Elektrizität
das,Element,element,B,Science,das Element
der,Elf,elf,A,Education,der Elf
der,Ellbogen,elbow,M,Health,der Ellbogen
das,Elternteil,parent,A,Family,das Elternteil
der,Embryo,embryo ,B,Health,der Embryo
der,Emigrant,emigrant,B,Society,der Emigrant
die,Emotion,emotion,B,Psychology,die Emotion
der,Empfänger,recipient,A,Conceptional,der Empfänger
das,Ende,end,B,Psychology,das Ende
die,Energie,energy,B,Science,die Energie
der,Engel,angel,M,Society,der Engel
das,Englisch,English (language),B,Education,das Englisch
der,Enkel,grandson ,M,Family,der Enkel
die,Enkelin,granddaughter,M,Family,die Enkelin
die,Ente,duck,A,Animals,die Ente
die,Entscheidung,decision,M,Psychology,die Entscheidung
die,Enttäuschung,disappointment,A,Psychology,die Enttäuschung
die,Entwicklung,development,A,Work,die Entwicklung
der,Entwurf,draft,M,Work,der Entwurf
die ,Erdbeere,strawberry,A,Food,die  Erdbeere
die,Erde,soil,A,Nature,die Erde
das,Ereignis,event,B,Leisure,das Ereignis
die,Erfindung,invention ,A,Work,die Erfindung
der,Erfolg,success,A,Psychology,der Erfolg
das,Ergebnis,result,M,Science,das Ergebnis
die,Erkennung,recognition,M,Psychology,die Erkennung
die,Erklärung,explanation,A,Education,die Erklärung
die,Erlaubnis,permission,A,Conceptional,die Erlaubnis
das,Erlebnis,experience,B,Leisure,das Erlebnis
die,Ermittlung,investigation,A,Society,die Ermittlung
die,Erscheinung,appearance,A,Health,die Erscheinung
der,Erzähler,narrator,A,Education,der Erzähler
die,Erzählung,story,A,Society,die Erzählung
die,Erziehung,education,A,Education,die Erziehung
der,Esel,donkey,M,Animals,der Esel
der,Eskimo,eskimo,B,Society,der Eskimo
der,Espresso,espresso ,B,Food,der Espresso
das,Essen,food,B,Food,das Essen
der,Essig,vinegar,A,Food,der Essig
das,Esslokal,eatery,A,Food,das Esslokal
die,Ethik,ethics,B,Psychology,die Ethik
die,Eule,owl,M,Animals,die Eule
der,Euro,euro,B,Society,der Euro
die,Evakuierung,evacuation ,A,Military,die Evakuierung
der,Ex-Mann,ex-husband,M,Family,der Ex-Mann
die,Ex-Frau,ex-wife ,M,Family,die Exfrau
die,Existenz,existence,M,Psychology,die Existenz
das,Experiment,experiment,M,Conceptional,das Experiment
der,Experte,expert,M,Work,der Experte
die,Explosion,explosion,M,Military,die Explosion
die,Fabrik,factory,B,Work,die Fabrik
der,Fabrikant,manufacturer ,B,Work,der Fabrikant
die,Fackel,torch,M,House,die Fackel
der,Faden,thread,A,Shopping,der Faden
die,Fähigkeit,ability,A,Education,die Fähigkeit
das,Fahrenheit,fahrenreit,B,Nature,das Fahrenheit
der,Fahrer,driver,M,Transportation,der Fahrer
das,Fahrrad,bicycle,B,Transportation,das Fahrrad
die,Fahrspur,lane,A,Transportation,die Fahrspur
die,Fahrt,journey,B,Transportation,die Fahrt
das,Fahrzeug,vehicle,B,Transportation,das Fahrzeug
der,Faktor,factor,B,Society,der Faktor
der,Falke,falcon,M,Animals,der Falke
der,Fall,case,M,Conceptional,der Fall
die,Falle,trap,M,Military,die Falle
der,Fallschirmjäger,paratrooper,A,Military,der Fallschirmjäger
die,Falte,fold,M,House,die Falte
die,Familie,family,B,Family,die Familie
der,Fan,fan,B,Leisure,der Fan
das,Farbband,ribbon,A,Shopping,das Farbband
die,Farbe,color,A,The arts,die Farbe
die,Faust,fist,M,Health,die Faust
der,Favorit,favorite,M,Psychology,der Favorit
das,Fazit,conclusion,A,Science,das Fazit
der,Februar,February,B,Time,der Februar
die,Feder,feather,M,Animals,die Feder
die,Feder,quill ,A,The arts,die Feder
die,Fee,fairy,A,Education,die Fee
der,Fehler,error,M,Conceptional,der Fehler
die,Feier,celebration,B,Leisure,die Feier
die ,Feige,fig,M,Food,die  Feige
der,Feind,enemy,A,Psychology,der Feind
die,Feindschaft,enmity,A,Psychology,die Feindschaft
das,Feld,field,B,Nature,das Feld
das,Fell,fur,M,Animals,das Fell
der,Felsen,rock,M,Nature,der Felsen
das,Fenster,window,B,House,das Fenster
das,Fensterchen,little window,A,House,das Fensterchen
das,Ferkel,piglet,A,Animals,das Ferkel
das,Fernsehen,television,B,Leisure,das Fernsehen
der,Fernseher,TV,A,Leisure,der Fernseher
die,Ferse,heel,M,Health,die Ferse
das,Festival,festival,B,Leisure,das Festival
die,Festung,fort,M,Military,die Festung
das,Fett,fat,B,Health,das Fett
das,Feuer,fire,B,Nature,das Feuer
die,Fichte,spruce,A,Nature,die Fichte
das,Fieber,fever,B,Health,das Fieber
die,Figur,figure,B,Health,die Figur
die,Fiktion,fiction,B,The arts,die Fiktion
der,Film,film,B,The arts,der Film
der,Finger,finger,B,Health,der Finger
das,Fingerchen,tiny finger,A,Conceptional,das Fingerchen
der,Fingernagel,fingernail,B,Health,der Fingernagel
die,Firma,company,B,Work,die Firma
der,Fisch,fish,B,Animals,der Fisch
das,Fitnesscenter,fitness centre,A,Leisure,das Fitnesscenter
die,Flagge,flag,M,Society,die Flagge
der,Flamingo,flamingo,B,Animals,der Flamingo
die,Flamme,flame,A,Science,die Flamme
die,Flasche,bottle,B,Food,die Flasche
der,Fleck,stain,M,Food,der Fleck
die,Fledermaus,bat,A,Animals,die Fledermaus
das,Fleisch,meat,M,Food,das Fleisch
die,Fliese,tile,A,House,die Fliese
die,Flotte,fleet,M,Transportation,die Flotte
der,Fluch,curse,A,Conceptional,der Fluch
die,Flucht,escape,M,Conceptional,die Flucht
der,Flüchtling,refugee,A,Society,der Flüchtling
der,Flug,flight,M,Transportation,der Flug
der,Flügel,wing,A,Animals,der Flügel
der,Flughafen,airport,M,Transportation,der Flughafen
das,Flugzeug,airplane,B,Transportation,das Flugzeug
der,Flur,hallway,A,House,der Flur
der,Fluss,river,B,Nature,der Fluss
die,Flüssigkeit,liquid,A,Science,die Flüssigkeit
das,Flüstern,whisper,M,Conceptional,das Flüstern
das,Fohlen,foal,M,Animals,das Fohlen
der,Föhn,foehn,A,Nature,der Föhn
die,Form,shape,B,Science,die Form
die,Forschung,research,A,Science,die Forschung
der,Fortschritt,progress,M,Psychology,der Fortschritt
das,Foto,photo,B,Leisure,das Foto
der,Fotograf,photographer,M,Work,der Fotograf
die,Fotografie,photograph,B,The arts,die Fotografie
die,Fracht,freight,B,Transportation,die Fracht
die,Frage,question,B,Psychology,die Frage
die,Frage,question ,A,Education,die Frage
das,Fragment,fragment,B,The arts,das Fragment
das,Französisch,French (language),B,Education,das Französisch
die,Frau,woman,B,Family,die Frau
das,Fräulein,young lady,A,Conceptional,das Fräulein
die,Freiheit,freedom,B,Psychology,die Freiheit
der,Freitag,Friday,B,Time,der Freitag
der,Fremde,stranger,A,Society,der Fremde
die,Freude,joy,M,Psychology,die Freude
der,Freund,friend,B,Society,der Freund
die,Freundin,friend (female),M,Family,die Freundin
die,Freundschaft,friendship,M,Family,die Freundschaft
der,Frieden,peace,B,Conceptional,der Frieden
der,Friedhof,cemetery,A,Society,der Friedhof
die ,Frisörin,hair stylist (female),A,Work,die Frisörin
die,Frisur,hairstyle,M,Health,die Frisur
die,Fröhlichkeit,happiness,A,Psychology,die Fröhlichkeit
der,Frosch,frog,M,Animals,der Frosch
der,Frost,frost,M,Nature,der Frost
der,Frühling,Spring,A,Time,der Frühling
das,Frühstück,breakfast,M,Food,das Frühstück
die,Frustration,frustration,M,Psychology,die Frustration
der,Fuchs,fox,B,Animals,der Fuchs
der,Führer,leader,M,Society,der Führer
die,Führung,leadership,A,Work,die Führung
der,Fund,find,M,Science,der Fund
das,Fundament,foundation,B,Conceptional,das Fundament
die,Funktion,function,B,Work,die Funktion
der,Fuß,foot,B,Health,der Fuß
der,Fußball,football,B,Leisure,der Fußball
die ,Fußballerin,footballer (female),M,Work,die Fußballerin
das,Futter,feed,M,Animals,das Futter
das,Futur,future,B,Time,das Futur
die,Gabel,fork,M,Food,die Gabel
die,Galerie,gallery,B,The arts,die Galerie
der,Gang,hallway,A,House,der Gang
die,Gans,goose,M,Animals,die Gans
die,Garage,garage,B,House,die Garage
die,Gardine,curtain,M,House,die Gardine
der,Garten,garden,B,House,der Garten
die,Gärtnerin,gardener (female),M,Work,die Gärtnerin
das,Gas,gas,B,Science,das Gas
die,Gasse,alley,A,Society,die Gasse
der,Gast,guest,B,Society,der Gast
der,Gastgeber,host,A,Leisure,der Gastgeber
das,Gasthaus,inn,B,Transportation,das Gasthaus
der,Gasthof,inn,B,Transportation,der Gasthof
das,Gebäck,Baked good,A,Food,das Gebäck
das,Gebäude,building,B,House,das Gebäude
das,Gebet,prayer,B,Society,das Gebet
das,Gebiet,region,B,Nature,das Gebiet
das,Gebirge,mountain,A,Nature,das Gebirge
der,Gebrauch,use,A,Society,der Gebrauch
das,Gebrüll,roar,M,Society,das Gebrüll
die,Gebühr,fee,A,Society,die Gebühr
die,Geburt,birth,M,Science,die Geburt
der,Geburtstag,birthday,M,Leisure,der Geburtstag
das,Gedächtnis,memory,M,Health,das Gedächtnis
der,Gedanke,thought,A,Psychology,der Gedanke
das,Gedicht,poem,A,The arts,das Gedicht
die,Geduld,patience,M,Psychology,die Geduld
die,Gefahr,danger,M,Psychology,die Gefahr
der,Gefangene,prisoner,M,Society,der Gefangene
das,Gefängnis,prison,A,Society,das Gefängnis
das,Gefühl,feeling,M,Psychology,das Gefühl
der,Gegenangriff,counterattack ,A,Military,der Gegenangriff
der,Gegenpol,antithesis,M,Psychology,der Gegenpol
der,Gegenstand,object,A,Conceptional,der Gegenstand
die,Gegenwart,present ,A,Time,die Gegenwart
das,Geheimnis,secret,B,Psychology,das Geheimnis
das,Gehen,walking,A,Transportation,das Gehen
das,Gehirn,brain,B,Health,das Gehirn
die,Geisel,hostage,A,Society,die Geisel
der,Geist,spirit,A,Psychology,der Geist
das,Gelächter,laughter,M,Leisure,das Gelächter
das,Geländer,railing,A,House,das Geländer
das ,Gelb,yellow,M,Education,das  Gelb
das,Geld,money,B,Shopping,das Geld
der,Geldbeutel,wallet,A,Shopping,der Geldbeutel
die,Gelegenheit,occasion,M,Conceptional,die Gelegenheit
das,Gelenk,joint,A,Health,das Gelenk
das,Gemälde,painting,A,The arts,das Gemälde
die,Gemeinde,community,B,Society,die Gemeinde
das,Gemüse,vegetable,M,Food,das Gemüse
das,Gen,gene,M,Science,das Gen
die,Generation,generation,M,Society,die Generation
die,Genetik,genetics,M,Science,die Genetik
das,Genie,genius,M,Psychology,das Genie
der ,Genosse,comrade,A,Education,der  Genosse
der,Gentleman,gentleman,M,Society,der Gentleman
der,Genuss,enjoyment,A,Psychology,der Genuss
das,Gepäck,luggage,B,Transportation,das Gepäck
das,Gerät,device,B,Work,das Gerät
das,Geräusch,noise,A,Conceptional,das Geräusch
das,Gericht,dish / court,M,Food,das Gericht
der,Geruch,odor,M,Health,der Geruch
das,Gerücht,rumor,A,Society,das Gerücht
das,Geschäft,store / business,B,Shopping,das Geschäft
der,Geschäftsführer,managing director,A,Work,der Geschäftsführer
das,Geschenk,gift,B,Leisure,das Geschenk
die,Geschichte,history / story,M,Education,die Geschichte
das,Geschlecht,gender,M,Health,das Geschlecht
der,Geschmack,taste,M,Food,der Geschmack
die,Geschwindigkeit,speed,A,Transportation,die Geschwindigkeit
die,Gesellschaft,society,A,Society,die Gesellschaft
das,Gesetz,law,A,Society,das Gesetz
das,Gesicht,face,M,Health,das Gesicht
das,Gespenst,ghost,M,Education,das Gespenst
das,Gespräch,talk,B,Society,das Gespräch
die,Geste,gesture,M,The arts,die Geste
die,Gesundheit,health,B,Health,die Gesundheit
das,Getränk,drink,A,Food,das Getränk
das,Getreide,grain,A,Nature,das Getreide
das,Getriebe,gear,M,Transportation,das Getriebe
die,Gewalt,violence,A,Society,die Gewalt
das,Gewehr,rifle,A,Military,das Gewehr
das,Gewicht,weight,A,Health,das Gewicht
der,Gewinn,profit,A,Society,der Gewinn
das,Gewissen,conscience,A,Psychology,das Gewissen
das,Gewitter,thunderstorm,A,Nature,das Gewitter
das,Gewürz,spice,A,Food,das Gewürz
das,Gift,poison,A,Health,das Gift
der,Gigant,giant,M,Education,der Gigant
der ,Gin,gin,M,Food,der  Gin
der ,Gipfel,summit,M,Nature,der Gipfel
die,Gitarre,guitar,M,The arts,die Gitarre
der,Glanz,gloss,A,Conceptional,der Glanz
das,Glas,glass,B,House,das Glas
der,Glaube,faith,A,Society,der Glaube
das,Glied,limb,A,Health,das Glied
der,Globus,globe,M,Nature,der Globus
die,Glocke,bell,A,House,die Glocke
das,Glück,luck,B,Psychology,das Glück
die,Glühbirne,light bulb,B,House,die Glühbirne
das,Glühen,glow,A,Nature,das Glühen
die,Gnade,grace,M,Society,die Gnade
das,Gold,gold,M,Nature,das Gold
der,Gorilla,gorilla,B,Animals,der Gorilla
die,Gotik,gothic,B,The arts,die Gotik
der,Gott,God,B,Society,der Gott
der,Gouverneur,governor,M,Society,der Gouverneur
das,Grab,grave,A,Society,das Grab
der,Graben,ditch,A,Nature,der Graben
der,Grad,degree,M,Nature,der Grad
der,Graf,count,A,Society,der Graf
die,Grafik,graphics,M,The arts,die Grafik
die,Grammatik,grammar,M,Education,die Grammatik
die,Granate,grenade ,M,Military,die Granate
die ,Graphikerin,graphic designer (female),M,Work,die Graphikerin
das,Gras,grass,B,Nature,das Gras
der,Grat,ridge,A,Nature,der Grat
das,Grau,gray,B,Conceptional,das Grau
die,Grenze,border,A,Society,die Grenze
der,Griff,grip,M,Leisure,der Griff
das,Grinsen,grin,A,Psychology,das Grinsen
die,Größe,size,B,Conceptional,die Größe
die,Großmutter,grandmother,M,Family,die Großmutter
der,Großvater,grandfather,M,Family,der Großvater
die,Grube,pit,M,Work,die Grube
das,Grün,green,M,The arts,das Grün
der,Grund,reason,M,Psychology,der Grund
die,Grundlage,base,A,Society,die Grundlage
die,Grundschule,primary school ,A,Education,die Grundschule
die,Gründung,foundation,A,Society,die Gründung
die,Gruppe,group,B,Society,die Gruppe
die,Gunst,favor,A,Conceptional,die Gunst
der,Gurt,belt,M,Shopping,der Gurt
die,Güte,goodness,B,Psychology,die Güte
das,Gymnasium,high school ,M,Society,das Gymnasium
das,Gymnasium,high school ,M,Education,das Gymnasium
das,Haar,hair,B,Health,das Haar
der,Haartrockner,hair dryer,M,House,der Haartrockner
der,Habicht,hawk,A,Animals,der Habicht
der,Hafen,harbor,M,Transportation,der Hafen
der,Hahn,cock,B,Animals,der Hahn
der,Haken,hook,A,House,der Haken
der,Halbbruder,half-brother ,B,Family,der Halbbruder
die,Halbschwester,half-sister,B,Family,die Halbschwester
die,Hälfte,half,B,Science,die Hälfte
die,Halle,hall,B,House,die Halle
der,Hals,neck,M,Health,der Hals
die,Halskette,necklace,M,Shopping,die Halskette
der,Halt,stop,B,Transportation,der Halt
der,Hammer,hammer,M,Work,der Hammer
die,Hand,hand,B,Health,die Hand
der,Handel,trade,A,Work,der Handel
das,Handgelenk,wrist,A,Health,das Handgelenk
der,Händler,trader,B,Work,der Händler
die,Handlung,act,A,Conceptional,die Handlung
der,Handschuh,glove,A,Shopping,der Handschuh
das,Handtuch,towel,A,House,das Handtuch
die,Handvoll,handful,M,Health,die Handvoll
das,Handwerk,craft,B,Work,das Handwerk
das,Handwerk,craft,A,The arts,das Handwerk
der,Hase,rabbit,M,Animals,der Hase
der,Haufen,heap,A,Conceptional,der Haufen
das,Haus,house,B,House,das Haus
die,Hausaufgabe,homework ,A,Education,die Hausaufgabe
der,Haushalt,household,B,House,der Haushalt
der,Hausschuh,slipper,A,Shopping,der Hausschuh
das,Haustier,pet,A,House,das Haustier
die,Haut,skin,B,Health,die Haut
der,Hebel,lever,A,Work,der Hebel
die,Heilige,saint,A,Society,die Heilige
der,Held,hero,M,The arts,der Held
der,Helm,helmet,M,Leisure,der Helm
der,Helm,helmet ,M,Military,der Helm
das,Hemd,shirt,B,Shopping,das Hemd
das,Hemdchen,little shirt,A,Shopping,das Hemdchen
die,Herausforderung,challenge,B,Psychology,die Herausforderung
der,Herbst,autumn,A,Time,der Herbst
der,Herd,stove,M,House,der Herd
die,Herde,herd,B,Animals,die Herde
der,Hering,hering,M,Food,der Hering
der,Herr,gentleman,B,Society,der Herr
die,Herrlichkeit,magnificence,A,Conceptional,die Herrlichkeit
das,Herz,heart,B,Health,das Herz
die,Herzkammer,ventricle,A,Science,die Herzkammer
der,Herzog,duke,M,Society,der Herzog
die,Hexe,witch,A,Education,die Hexe
die,Hilfe,help,B,Society,die Hilfe
die ,Himbeere,raspberry,A,Food,die  Himbeere
der,Himmel,sky,B,Nature,der Himmel
das,Hindernis,obstacle ,A,Military,das Hindernis
der,Hintergrund,background,M,The arts,der Hintergrund
der,Hinweis,clue,A,Conceptional,der Hinweis
der,Hirt,shepherd,A,Work,der Hirt
die,Hitze,heat,M,Science,die Hitze
das,Hochwasser,flood,A,Nature,das Hochwasser
die,Hochzeit,wedding,A,Family,die Hochzeit
der,Hof,yard,B,House,der Hof
die,Hoffnung,hope,A,Psychology,die Hoffnung
die,Höhe,height,B,Science,die Höhe
die,Höhle,cave,M,Nature,die Höhle
die ,Holding,holding,B,Work,die  Holding
die,Hölle,hell,B,Society,die Hölle
das,Holz,wood,B,Nature,das Holz
die,Holzkohle,charcoal ,A,The arts,die Holzkohle
der,Honig,honey,M,Food,der Honig
der,Horizont,horizon,A,Nature,der Horizont
das,Horn,horn,A,Animals,das Horn
der,Horror,horror,A,Psychology,der Horror
das,Höschen,panties,M,Shopping,das Höschen
die,Hose,trousers,B,Shopping,die Hose
das,Hotel,hotel,M,Transportation,das Hotel
der,Hubschrauber,helicopter,M,Transportation,der Hubschrauber
die,Hüfte,hip,M,Health,die Hüfte
der,Hügel,hill,B,Nature,der Hügel
das,Huhn,chicken,A,Food,das Huhn
die,Hülse,pod,A,Nature,die Hülse
der,Humor,humor,M,Psychology,der Humor
der,Hund,dog,B,Animals,der Hund
der,Hunger,hunger,B,Health,der Hunger
der,Hurrikan,hurricane ,A,Nature,der Hurrikan
der,Hut,hat,A,Shopping,der Hut
die,Hütte,hut,M,House,die Hütte
die,Idee,idea,B,Psychology,die Idee
die,Identität,identity,B,Psychology,die Identität
der,Igel,hedgehog,A,Animals,der Igel
die,Illusion,illusion,B,Psychology,die Illusion
das,Image,image,B,Society,das Image
die,Imagination,imagination,B,Psychology,die Imagination
der,Immigrant,immigrant,B,Society,der Immigrant
der,Impuls,impulse,B,Psychology,der Impuls
die,Info,information ,B,Work,die Info
die,Information,information,B,Psychology,die Information
der,Ingenieur,engineer,M,Work,der Ingenieur
der,Inhalt,content,B,Conceptional,der Inhalt
der,Innenraum,interior,M,House,der Innenraum
das,Insekt,insect,B,Animals,das Insekt
die,Insel,island,B,Nature,die Insel
der,Inspektor,inspector,M,Work,der Inspektor
der,Instinkt,instinct,B,Psychology,der Instinkt
das,Instrument,instrument,B,The arts,das Instrument
die,Intelligenz,intelligence,B,Psychology,die Intelligenz
die,Intensität,intensity,B,Conceptional,die Intensität
die,Interesse,interest,B,Psychology,die Interesse
das,Internet,Internet,B,Work,das Internet
das,Interview,interview,B,Work,das Interview
die,Intimität,intimacy,B,Psychology,die Intimität
die,Iris,iris,A,Health,die Iris
die,Jacke,jacket,B,Shopping,die Jacke
die,Jagd,hunt,A,Leisure,die Jagd
der,Jäger,hunter,A,Work,der Jäger
das,Jahr,year,M,Time,das Jahr
die,Jahreszeit,season,A,Time,die Jahreszeit
das,Jahrhundert,century,A,Time,das Jahrhundert
das,Jahrzehnt,decade,A,Time,das Jahrzehnt
der,Januar,January,B,Time,der Januar
das,Japanisch,Japanese (language),M,Education,das Japanisch
der,Jazz,jazz,B,The arts,der Jazz
die,Jeans,jeans,B,Shopping,die Jeans
der,Jeep,Jeep,A,Transportation,der Jeep
der,Jetlag,jetlag,A,Transportation,der Jetlag
das,Jobsharing,job sharing,A,Work,das Jobsharing
das,Jogging,jogging,B,Leisure,das Jogging
das,Journal,journal,M,Education,das Journal
das,Judo,judo,B,Leisure,das Judo
die,Jugend,youth,M,Society,die Jugend
der,Juli,July,B,Time,der Juli
der,Junge,boy,B,Family,der Junge
die,Jungfrau,virgin,M,Society,die Jungfrau
der,Juni,June,B,Time,der Juni
der,Jupiter,Jupiter,A,Science,der Jupiter
die,Jury,jury,M,Society,die Jury
die,Justiz,justice,B,Society,die Justiz
das,Kabel,cable,M,Work,das Kabel
das,Kabinett,cabinet,M,House,das Kabinett
der,Käfer,beetle,A,Animals,der Käfer
der,Kaffee,coffee,B,Food,der Kaffee
der,Käfig,cage,M,House,der Käfig
der,Kaiser,emperor,A,Society,der Kaiser
die,Kajüte,cabin,A,House,die Kajüte
der,Kakao,cocoa,B,Food,der Kakao
das,Kalb,calf,A,Animals,das Kalb
der,Kalender,calendar ,M,Time,der Kalender
das,Kaliber,caliber ,B,Military,das Kaliber
der,Kalkulator,calculator,B,Science,der Kalkulator
die,Kälte,cold,B,Nature,die Kälte
die,Kamera,camera,B,The arts,die Kamera
die,Kammer,chamber,M,House,die Kammer
die,Kampagne,campaign,M,Society,die Kampagne
der,Kampf,fight,A,Military,der Kampf
der,Kämpfer,fighter,A,Military,der Kämpfer
der,Kanal,canal,M,Society,der Kanal
die,Kandidatur,candidacy,M,Work,die Kandidatur
die,Kanone,cannon ,M,Military,die Kanone
die,Kapazität,capacity,M,Science,die Kapazität
die,Kapelle,chapel,M,The arts,die Kapelle
das,Kapital,capital,M,Society,das Kapital
der,Kapitän,captain,M,Work,der Kapitän
das,Kapitel,chapter,A,The arts,das Kapitel
die,Kappe,cap,M,Shopping,die Kappe
die,Kapsel,capsule,M,Food,die Kapsel
der,Kardinal,cardinal,M,Conceptional,der Kardinal
der,Karneval,carnival,B,Leisure,der Karneval
die,Karriere,career,M,Work,die Karriere
die,Karte,map,B,Transportation,die Karte
die,Kartoffel,potato,B,Food,die Kartoffel
der,Käse,cheese,B,Food,der Käse
das,Kasino,casino,B,Leisure,das Kasino
der,Kasten,box,M,Science,der Kasten
die,Katze,cat,B,Animals,die Katze
der,Keller,basement,A,House,der Keller
der,Kellner,waiter,A,Work,der Kellner
die,Kellnerin,waitress ,A,Work,die Kellnerin
der,Kerl,guy,B,Society,der Kerl
der,Kern,core,M,Science,der Kern
die,Kerze,candle,A,House,die Kerze
der,Kessel,kettle,A,Food,der Kessel
die,Kette,chain,A,Work,die Kette
der,Kick,kick,M,Leisure,der Kick
der,Kies,gravel,A,Nature,der Kies
das,Kilo,kilogram,B,Conceptional,das Kilo
das,Kind,child,B,Family,das Kind
die,Kindheit,childhood,A,Family,die Kindheit
das,Kinn,chin,A,Health,das Kinn
das,Kino,cinema ,A,Leisure,das Kino
die,Kirche,church,B,Society,die Kirche
die,Kirsche,cherry,B,Food,die Kirsche
das,Kissen,pillow,M,House,das Kissen
die,Kiste,box,B,Conceptional,die Kiste
die ,Kiwi ,kiwi,B,Food,die  Kiwi 
die,Klage,complaint,B,Society,die Klage
der,Klang,sound,A,The arts,der Klang
die,Klasse,class,B,Education,die Klasse
das,Klassenzimmer,classroom,M,Education,das Klassenzimmer
die,Klassik,classic,B,The arts,die Klassik
die,Klaue,claw,A,Animals,die Klaue
das,Klavier,piano,M,The arts,das Klavier
das,Kleid,dress,B,Shopping,das Kleid
die,Kleidung,clothing,B,Leisure,die Kleidung
der,Klick,click,B,Work,der Klick
die,Klinge,blade,A,Military,die Klinge
die,Klinik,clinic,M,Health,die Klinik
die,Klippe,cliff,A,Nature,die Klippe
der,Knabe,boy,A,Society,der Knabe
das,Knie,knee,B,Health,das Knie
der,Knoblauch,garlic,A,Food,der Knoblauch
der,Knöchel,ankle,M,Health,der Knöchel
der,Knochen,bone,M,Health,der Knochen
der,Knödel,dumpling,A,Food,der Knödel
der,Knopf,button,A,Shopping,der Knopf
die,Knospe,bud,M,Nature,die Knospe
der,Knoten,knot,M,Leisure,der Knoten
die,Koalition,coalition ,B,Society,die Koalition
der,Koch,cook,B,Work,der Koch
das,Kochen,cooking,M,Food,das Kochen
die ,Köchin,cook (female),M,Work,die Köchin
der,Koffer,suitcase,M,Transportation,der Koffer
der,Kofferraum,trunk,M,Transportation,der Kofferraum
der,Kohl,cabbage,B,Nature,der Kohl
der,Kollege,colleague,M,Work,der Kollege
die,Kolonie,colony,M,Society,die Kolonie
die,Kolumne,column,A,Science,die Kolumne
die,Kombination,combination,B,Conceptional,die Kombination
der,Komet,comet,A,Science,der Komet
der,Komfort,comfort,M,Conceptional,der Komfort
das,Komitee,committee,M,Society,das Komitee
der,Kommandant,commander,M,Military,der Kommandant
der,Kommentar,comment,B,Society,der Kommentar
die,Kommode,dresser,A,House,die Kommode
die,Kommunikation,communication,B,Leisure,die Kommunikation
der ,Komödiant,comedian,M,Work,der Komödiant
der,Kompass,compass ,B,Transportation,der Kompass
das,Kompliment,compliment,M,Conceptional,das Kompliment
die,Konferenz,conference,B,Work,die Konferenz
der,König,king,M,Society,der König
die,Königin,queen,M,Society,die Königin
das,Können,ability,A,Psychology,das Können
die,Konsequenz,consequence,B,Psychology,die Konsequenz
der,Konsonant,consonant ,M,Education,der Konsonant
die,Konstruktion,construction,B,Work,die Konstruktion
der,Konsum,consumption,M,Shopping,der Konsum
der,Konsument,consumer,M,Shopping,der Konsument
der,Kontakt,contact,B,Society,der Kontakt
der,Kontinent,continent,B,Society,der Kontinent
das,Konto,account,B,Work,das Konto
die,Kontrolle,control,B,Psychology,die Kontrolle
der,Kontrollpunkt,checkpoint ,M,Military,der Kontrollpunkt
die,Konzentration,concentration,B,Psychology,die Konzentration
das,Konzept,concept,B,Psychology,das Konzept
das,Konzert,concert,M,The arts,das Konzert
der,Kopf,head,M,Health,der Kopf
der,Kopfschmerz,headache,B,Health,der Kopfschmerz
die,Kopie,copy,M,Work,die Kopie
der,Korb,basket,M,Shopping,der Korb
das,Korn,grain,A,Food,das Korn
der,Körper,body,A,Health,der Körper
der,Korridor,corridor,A,House,der Korridor
das,Kostüm,costume,M,Shopping,das Kostüm
die,Kraft,force,B,Science,die Kraft
der,Kraftstoff,fuel,B,Transportation,der Kraftstoff
der,Kragen,collar,A,Shopping,der Kragen
die,Krähe,crow,A,Animals,die Krähe
der,Kran,crane,A,Work,der Kran
das,Krankenhaus,hospital,B,Health,das Krankenhaus
die,Krankenschwester,nurse,A,Work,die Krankenschwester
der,Krankenwagen,ambulance,A,Transportation,der Krankenwagen
die,Krankheit,illness,A,Health,die Krankheit
der,Kranz,wreath ,A,Society,der Kranz
das,Kraut,herb,M,Nature,das Kraut
die,Kreation,creation,A,Psychology,die Kreation
die,Kreatur,creature,B,Education,die Kreatur
der,Krebs,crab,A,Animals,der Krebs
der,Kredit,credit,M,Work,der Kredit
die,Kreide,chalk ,A,Science,die Kreide
der,Kreis,circle,A,Science,der Kreis
das,Kreuz,cross,A,Society,das Kreuz
der,Krieg,war,A,Military,der Krieg
der,Krieger,warrior,A,Military,der Krieger
der,Kriminelle,criminal (male),M,Society,der Kriminelle
die,Krise,crisis,M,Society,die Krise
der,Kristall,crystal,M,Science,der Kristall
die,Krone,crown,B,Society,die Krone
die,Küche,kitchen,B,House,die Küche
der,Kuchen,cake,A,Food,der Kuchen
die,Kugel,ball,M,Conceptional,die Kugel
die,Kugel,bullet ,A,Military,die Kugel
die,Kuh,cow,M,Animals,die Kuh
der,Kühlschrank,refrigerator,A,House,der Kühlschrank
das,Küken,chick,M,Animals,das Küken
die,Kultur,culture,B,The arts,die Kultur
der,Kunde,customer,B,Shopping,der Kunde
die,Kundin,customer (female),B,Shopping,die Kundin
die,Kunst,art,M,The arts,die Kunst
der,Künstler,artist,A,The arts,der Künstler
der,Kunststoff,plastic,A,Science,der Kunststoff
das,Kupfer,copper,A,Science,das Kupfer
die,Kuppel,dome,A,The arts,die Kuppel
die,Kur,treatment,A,Health,die Kur
der,Kurs,course,B,Education,der Kurs
die,Kurve,curve,M,Science,die Kurve
der,Kuss,kiss,M,Psychology,der Kuss
die,Küste,coast,M,Nature,die Küste
das,Labor,lab,M,Work,das Labor
das,Lächeln,smile,B,Psychology,das Lächeln
der,Laden,shop,B,Shopping,der Laden
die,Ladung,load,M,Transportation,die Ladung
das,Lagerhaus,warehouse,M,Work,das Lagerhaus
das,Laken,sheet,A,House,das Laken
das,Lamm,lamb,B,Animals,das Lamm
die,Lampe,lamp,B,House,die Lampe
das,Land,country / land,B,Nature,das Land
die,Landschaft,landscape,B,Nature,die Landschaft
die,Landung,landing,M,Transportation,die Landung
die,Länge,length,B,Science,die Länge
der,Lappen,cloth,A,House,der Lappen
die,Last,load,B,Work,die Last
die,Laterne,lantern,M,House,die Laterne
der,Latte Macchiato,Latte macchiato,M,Food,der Latte Macchiato
der,Lauch,leek,A,Food,der Lauch
der,Lauf,run,A,Leisure,der Lauf
der,Lautsprecher,speaker,A,The arts,der Lautsprecher
das,Leben,life,B,Science,das Leben
die,Lebensdauer,lifetime,M,Time,die Lebensdauer
das,Lebensmittel,food,M,Food,das Lebensmittel
die,Leber,liver,B,Health,die Leber
das,Leder,leather,M,Shopping,das Leder
die,Leere,emptiness,A,Psychology,die Leere
die,Legende,legend,B,Education,die Legende
der,Lehrer,teacher,M,Education,der Lehrer
die,Lehrerin,teacher (female),M,Work,die Lehrerin
die,Leiche,corpse,A,Society,die Leiche
die,Leichtigkeit,ease,A,Conceptional,die Leichtigkeit
die,Leidenschaft,passion,A,Psychology,die Leidenschaft
das,Leinen,linen,M,House,das Leinen
die,Leistung,performance,B,Conceptional,die Leistung
die,Leiter,ladder,B,House,die Leiter
das,Lesen,reading,M,Education,das Lesen
der,Leser,reader,M,Education,der Leser
der,Leutnant,lieutenant,A,Military,der Leutnant
das,Licht,light,B,Science,das Licht
die,Liebe,love,B,Psychology,die Liebe
der,Liebling,darling,M,Family,der Liebling
das,Lied,song,M,The arts,das Lied
der,Lieferant,supplier,A,Work,der Lieferant
die,Lieferung,delivery,A,Shopping,die Lieferung
der,Lift,elevator,M,Transportation,der Lift
die,Liga,league,M,Leisure,die Liga
der ,Likör,liqueur,A,Food,der  Likör
das,Lila,purple,B,Conceptional,das Lila
das,Limit,limit,M,Science,das Limit
die,Limo,lemonade,M,Food,die Limo
die,Limonade,lemonade,B,Food,die Limonade
die,Linie,line,B,Science,die Linie
der,Link,link,B,Work,der Link
die,Linse,lentil,A,Food,die Linse
die,Lippe,lip,B,Health,die Lippe
der,Lippenstift,lipstick,M,Shopping,der Lippenstift
die,Liste,list,B,Work,die Liste
die,Literatur,literature,B,Leisure,die Literatur
die,Lizenz,license,B,Society,die Lizenz
der,Lkw,truck,A,Transportation,der Lkw
die,Lobby,lobby,M,House,die Lobby
das,Loch,hole,B,Nature,das Loch
die,Locke,curl,A,Conceptional,die Locke
der,Löffel,spoon,A,Food,der Löffel
die,Logik,logic,B,Science,die Logik
das,Logo,logo,B,Society,das Logo
das,Lokal,pub,B,Society,das Lokal
der,Lorbeer,laurel,A,Society,der Lorbeer
die,Lösung,solution,B,Science,die Lösung
das,Lotto,lottery,B,Leisure,das Lotto
der,Löwe,lion,M,Animals,der Löwe
die,Lücke,gap,M,Conceptional,die Lücke
die,Luft,air,B,Science,die Luft
die,Lüge,lie,B,Psychology,die Lüge
die,Luke,hatch,A,Society,die Luke
die,Lunge,lung,M,Health,die Lunge
die,Macht,power,A,Society,die Macht
das,Mädchen,girl,M,Family,das Mädchen
das,Magazin,magazine,M,Leisure,das Magazin
der,Magen,stomach,A,Health,der Magen
die,Magie,magic,B,Education,die Magie
der,Mai,May,B,Time,der Mai
der,Mais,corn,M,Food,der Mais
das,Make-up,make-up,A,Shopping,das Make-up
der,Maler,painter,B,Work,der Maler
die,Mama,mom,B,Family,die Mama
das,Management,management,B,Work,das Management
die ,Mandarine,tangerine,A,Food,die  Mandarine
die ,Mandel,almond,M,Food,die  Mandel
der,Mangel,lack (shortage),B,Health,der Mangel
die,Mango,mango,M,Food,die Mango
der,Mann,man,B,Society,der Mann
die,Mannschaft,team,M,Leisure,die Mannschaft
die,Manschette,cuff,A,Shopping,die Manschette
der,Mantel,coat,B,Shopping,der Mantel
die,Mappe,binder,A,Education,die Mappe
das,Märchen,tale,A,Education,das Märchen
die,Marine,navy,B,Military,die Marine
die,Marke,brand,M,Shopping,die Marke
der,Marker,marker ,B,Education,der Marker
das ,Marketing,marketing,B,Work,das  Marketing
der,Markt,market,B,Shopping,der Markt
der,Marmor,marble,M,House,der Marmor
der,Mars,Mars,A,Science,der Mars
der,Marsch,march,A,Military,der Marsch
der,März,March,B,Time,der März
die,Maschine,machine,B,Work,die Maschine
die,Maske,mask,M,The arts,die Maske
der ,Maskenball,masked ball,A,Leisure,der Maskball
das,Maß,measure,M,Science,das Maß
die,Masse,mass,B,Science,die Masse
das,Match,match,A,Leisure,das Match
das,Material,material,M,House,das Material
die,Mathematik,mathematics,B,Science,die Mathematik
die,Matratze,mattress,M,House,die Matratze
die,Matte,mat,A,House,die Matte
die,Mauer,wall,B,House,die Mauer
das,Maultier,mule,A,Animals,das Maultier
der,Maulwurf,mole,A,Animals,der Maulwurf
der,Maurer,mason,M,Work,der Maurer
die,Maus,mouse,M,Animals,die Maus
das,Mäuslein,little mouse,M,Animals,das Mäuslein
das,Maximum,maximum,M,Science,das Maximum
das,Medikament,medication,B,Health,das Medikament
das,Medium,media,B,Leisure,das Medium
die,Medizin,medicine,B,Health,die Medizin
das,Meer,sea,B,Nature,das Meer
das,Meeting,meeting,B,Work,das Meeting
die,Meinung,opinion,A,Psychology,die Meinung
der,Meißel,chisel,A,The arts,der Meißel
der,Meister,master,M,Work,der Meister
die,Melodie,tune,M,The arts,die Melodie
das,Memo,memo,M,Conceptional,das Memo
die,Menge,crowd,A,Society,die Menge
der,Mensch,human ,A,Health,der Mensch
die,Menschlichkeit,humanity,A,Society,die Menschlichkeit
die,Mentalität,mentality,M,Psychology,die Mentalität
das,Menü,menu,M,Food,das Menü
der,Merkur,Mercury,A,Science,der Merkur
das,Messer,knife,A,Food,das Messer
das,Messgerät,measuring instrument,A,House,das Messgerät
das,Metall,metal,B,Science,das Metall
die,Methode,method,M,Work,die Methode
der,Metzger,butcher,A,Work,der Metzger
die,Metzgerei,butcher,A,Work,die Metzgerei
die,Miete,rent,A,House,die Miete
die,Milch,milk,B,Food,die Milch
der,Militärstützpunkt,military base ,A,Military,der Militärstützpunkt
die,Million,million ,B,Science,die Million
die,Mine,mine,A,Nature,die Mine
das,Minimum,minimum,B,Society,das Minimum
der,Minister,minister,B,Work,der Minister
das,Ministerium,ministry,M,Society,das Ministerium
die,Minute,minute,B,Time,die Minute
die,Mission,mission,M,Military,die Mission
das,Mitglied,member,B,Society,das Mitglied
das,Mitleid,pity,M,Psychology,das Mitleid
der,Mittag,noon,M,Time,der Mittag
das,Mittagessen,lunch,A,Food,das Mittagessen
die,Mitte,middle,B,Conceptional,die Mitte
die,Mitteilung,announcement,A,Society,die Mitteilung
das,Mittel,middle,M,Conceptional,das Mittel
die,Mitternacht,midnight,M,Time,die Mitternacht
der,Mittwoch,Wednesday,M,Time,der Mittwoch
das,Möbel,furniture,A,House,das Möbel
die,Mode,fashion,B,Shopping,die Mode
das,Model,model,M,Work,das Model
die,Möglichkeit,possibility,A,Psychology,die Möglichkeit
der,Moment,moment,B,Time,der Moment
der,Monat,month,M,Time,der Monat
der,Mönch,monk,A,Work,der Mönch
der,Mond,moon,B,Nature,der Mond
das,Mondlicht,moonlight,A,Nature,das Mondlicht
der,Mondmonat,lunar month,A,Time,der Mondmonat
der,Monitor,display,A,Society,der Monitor
das,Monster,monster,M,Education,das Monster
der,Montag,Monday,B,Time,der Montag
das,Monument,monument,B,Society,das Monument
die,Moral,moral,B,Psychology,die Moral
der,Mord,murder,M,Society,der Mord
der,Mörder,murderer,M,Society,der Mörder
der,Morgen,morning,B,Time,der Morgen
die,Morgendämmerung,dawn,A,Nature,die Morgendämmerung
das,Mosaik,mosaic,B,The arts,das Mosaik
das,Motel,motel,M,Transportation,das Motel
der,Motor,engine,B,Transportation,der Motor
das,Motto,motto,B,Society,das Motto
die,Mühle,mill,M,Food,die Mühle
der,Müll,garbage,B,House,der Müll
der,Müller,miller,A,Work,der Müller
das,Multitasking,multitasking,B,Conceptional,das Multitasking
der,Mund,mouth,B,Health,der Mund
die,Münze,coin,A,Science,die Münze
die,Muschel,shell,A,Animals,die Muschel
das,Museum,museum,B,The arts,das Museum
die,Musik,music,B,The arts,die Musik
der,Musikant,musician,M,Work,der Musikant
der,Musiker,musician,M,The arts,der Musiker
der,Muskel,muscle,M,Health,der Muskel
der,Mustang,mustang,A,Animals,der Mustang
das,Muster,pattern,A,The arts,das Muster
der,Mut,courage,A,Psychology,der Mut
die,Mutter,mother,B,Family,die Mutter
die,Mutterschaft,maternity,A,Family,die Mutterschaft
der,Nachbar,neighbor,M,House,der Nachbar
die,Nachbarschaft,neighborhood,M,Society,die Nachbarschaft
die,Nachfrage,demand,M,Science,die Nachfrage
der,Nachmittag,afternoon,M,Time,der Nachmittag
die,Nachricht,news ,M,Society,die Nachricht
die,Nacht,night,M,Time,die Nacht
die,Nachtigall,nightingale,M,Animals,die Nachtigall
die,Nadel,needle,M,Health,die Nadel
der,Nagel,nail,B,Health,der Nagel
der,Name,name,B,Society,der Name
die,Narbe,scar,A,Health,die Narbe
die,Nase,nose,B,Health,die Nase
das,Nasenloch,nostril,M,Health,das Nasenloch
die,Nation,nation,B,Society,die Nation
die,Nationalität,nationality,B,Society,die Nationalität
die,Natur,nature,B,Nature,die Natur
der,Nebel,fog,A,Nature,der Nebel
der,Neffe,nephew ,M,Family,der Neffe
die,Neigung,inclination,M,Psychology,die Neigung
der,Neptun,Neptune,A,Science,der Neptun
der,Nerv,nerve,M,Health,der Nerv
das,Nest,nest,M,Nature,das Nest
das,Networking,networking,B,Conceptional,das Networking
das,Netz,web,B,Work,das Netz
das,Netzwerk,network,B,Work,das Netzwerk
die,Neugier,curiosity,A,Psychology,die Neugier
die,Nichte,niece,B,Family,die Nichte
der ,Niederschlag,precipitation,A,Nature,der Niederschlag
der,Nippel,nipple,M,Health,der Nippel
die,Nonne,nun,A,Society,die Nonne
der,Norden,north,B,Nature,der Norden
der,Nordpol,North Pole,M,Nature,der Nordpol
die,Note,mark,M,Education,die Note
das,Notebook,notebook,B,Work,das Notebook
der,Notfall,emergency,A,Society,der Notfall
die,Notiz,note,B,Education,die Notiz
der,November,November,B,Time,der November
die,Nudel,noodle,M,Food,die Nudel
die ,Nuss,nut,M,Food,die  Nuss
die,Oberfläche,surface,B,Science,die Oberfläche
der,Oberschenkel,thigh,A,Health,der Oberschenkel
der,Oberst,colonel,A,Military,der Oberst
das,Objekt,object,B,Conceptional,das Objekt
das,Obst,fruit,A,Food,das Obst
der,Ochse,bullock,A,Animals,der Ochse
die,Öffentlichkeit,public,A,Society,die Öffentlichkeit
der,Offizier,officer,M,Work,der Offizier
die,Öffnung,opening ,A,Time,die Öffnung
das,Ohr,ear,M,Health,das Ohr
der,Ohrring,earring,M,Shopping,der Ohrring
der ,Okkupant,occupier,A,Military,der Okkupant
der,Oktober,October,B,Time,der Oktober
das,Öl,oil,M,Food,das Öl
die,Oma,granny,M,Family,die Oma
der,Onkel,uncle,B,Family,der Onkel
der,Opa,grandpa,B,Family,der Opa
die,Oper,opera,M,The arts,die Oper
die,Operation,surgery,B,Health,die Operation
das,Opfer,victim,M,Society,Gärtner
das,Opfer,victim,A,Military,das Opfer
der,Opponent,opponent,B,Military,der Opponent
die,Option,option,B,Psychology,die Option
die,Orange,orange,B,Food,die Orange
der,Ordner,folder,A,Education,der Ordner
die,Ordnung,order,M,Military,die Ordnung
das,Organ,organ,B,Health,das Organ
die,Organisation,organization,B,Society,die Organisation
die,Orgel,organ,A,The arts,die Orgel
der,Ort,place,A,Transportation,der Ort
der,Osten,east,B,Nature,der Osten
das,Outfit,outfit,M,Shopping,das Outfit
das,Outsourcing,outsourcing,B,Work,das Outsourcing
der ,Overall,overall,M,Conceptional,der Overall
der,Ozean,ocean,M,Nature,der Ozean
das,Paar,pair,B,Conceptional,das Paar
das,Paket,package,M,Shopping,das Paket
der,Palast,palace,M,House,der Palast
die,Palette,palette ,B,The arts,die Palette
die,Panik,panic,M,Psychology,die Panik
der,Panzer,tank,A,Military,der Panzer
der,Papa,daddy,B,Family,der Papa
das,Papier,paper,B,Society,das Papier
die,Parade,parade,M,Military,die Parade
das,Parfum,perfume,A,Shopping,das Parfum
der,Park,park,B,Nature,der Park
das,Parlament,parliament,M,Society,das Parlament
der,Partner,partner,B,Society,der Partner
die,Party,party,B,Leisure,die Party
der,Pass,pass,M,Leisure,der Pass
der,Passagier,passenger,B,Transportation,der Passagier
der,Passat,foehn,A,Nature,der Passat
der,Pate,godfather,M,Family,der Pate
der,Patient,patient,B,Health,der Patient
die,Patientin,patient (female),B,Health,die Patientin
die,Patin,godmother,M,Family,die Patin
die,Patrouille,patrol,A,Society,die Patrouille
die,Pause,pause,M,Time,die Pause
das,Pedal,pedal,B,Transportation,das Pedal
die,Periode,period,B,Time,die Periode
die,Perle,pearl,A,Nature,die Perle
die,Person,person,B,Health,die Person
das,Personal,staff,B,Work,das Personal
die,Persönlichkeit,personality,B,Psychology,die Persönlichkeit
der,Pfad,path,M,Nature,der Pfad
die,Pfanne,pan,A,Food,die Pfanne
der,Pfarrer,pastor,M,Work,der Pfarrer
die,Pfeife,pipe,M,Leisure,die Pfeife
der,Pfeil,arrow,A,Military,der Pfeil
das,Pferd,horse,B,Animals,das Pferd
der,Pfirsich,peach,A,Food,der Pfirsich
die,Pflanze,plant,B,Nature,die Pflanze
die ,Pflaume,plum,A,Food,die  Pflaume
die,Pflege,care,M,Health,die Pflege
die,Pflicht,duty,A,Society,die Pflicht
die,Pfote,paw,M,Animals,die Pfote
das,Pfund,pound,A,Society,das Pfund
die,Phantasie,fantasy,B,Psychology,die Phantasie
die,Physik,physic,B,Health,die Physik
die ,Physikerin,physicist (female),M,Work,die Physikerin
das,Piano,piano,B,The arts,das Piano
das,Picknick,picnic,A,Leisure,das Picknick
die,Pille,pill,M,Health,die Pille
der,Pilot,pilot,M,Work,der Pilot
der,Pinsel,brush,A,The arts,der Pinsel
der,Pirat,pirate,M,Society,der Pirat
die,Piste,piste,A,Leisure,die Piste
die,Pistole,pistol,M,Military,die Pistole
die,Pizza,pizza,B,Food,die Pizza
das,Plakat,poster,A,Society,das Plakat
der,Plan,plan,B,Work,der Plan
der,Planet,planet,B,Science,der Planet
das,Platin,platinum,B,Conceptional,das Platin
die,Platte,disk,M,Work,die Platte
die,Plattform,platform,B,Transportation,die Plattform
der,Platz,place,B,Transportation,der Platz
der,Plunder,junk,A,House,der Plunder
der,Plural,plural,M,Conceptional,der Plural
die,Poesie,poetry,M,The arts,die Poesie
der,Pokal,trophy,M,Conceptional,der Pokal
der,Pol,pole,M,Nature,der Pol
die,Politik,politics,B,Society,die Politik
die,Polizei,police,B,Society,die Polizei
der,Polizist,policeman,B,Society,der Polizist
die,Polizistin,policewoman,M,Work,die Polizistin
das,Polo,polo,B,Leisure,das Polo
das,Polster,upholstery,A,House,das Polster
der,Pop,pop,B,The arts,der Pop
das,Portal,portal,B,House,das Portal
das,Portal,portal,M,conceptional,das Portal
das,Portfolio,portfolio,M,Conceptional,das Portfolio
die,Portion,portion,M,Food,die Portion
das,Porträt,portrait,B,The arts,das Porträt
das,Portugiesisch,Portuguese (language),M,Education,das Portugiesisch
die,Position,position,M,Science,die Position
die,Post,mail,B,Society,die Post
der,Praktikant,trainee,A,Work,der Praktikant
die,Präsentation,presentation ,M,Education,die Präsentation
der,Präsident,president,M,Work,der Präsident
der,Prediger,preacher,M,The arts,der Prediger
der,Preis,price,B,Shopping,der Preis
die,Presse,press,M,Leisure,die Presse
das,Prestige,prestige,B,Leisure,das Prestige
der,Priester,priest,B,Work,der Priester
der,Prinz,prince,M,Society,der Prinz
die,Prinzessin,princess,B,Education,die Prinzessin
das,Prinzip,principle,M,Psychology,das Prinzip
die,Priorität,priority,B,Society,die Priorität
das,Privatleben,private life,M,Psychology,das Privatleben
die,Privatschule,private school ,B,Education,die Privatschule
das,Problem,problem,B,Conceptional,das Problem
das,Produkt,product,B,Shopping,das Produkt
die,Produktion,production,B,Work,die Produktion
der,Professor,professor,B,Work,der Professor
der,Professor,professor ,B,Education,der Professor
das,Profil,profile,M,Society,das Profil
das,Programm,program,B,Work,das Programm
das,Projekt,project,B,Work,das Projekt
der,Projektor,projector,B,Work,der Projektor
die,Propaganda,propaganda ,B,Military,die Propaganda
der,Prospekt,leaflet,A,Shopping,der Prospekt
der,Protest,protest,B,Psychology,der Protest
der,Protestant,protestant,B,Society,der Protestant
das,Protokoll,protocol,B,Conceptional,das Protokoll
das,Prozent,percent,M,Science,das Prozent
der,Prozess,process,B,Conceptional,der Prozess
der,Prozessor,processor,B,Work,der Prozessor
die,Prüfung,exam,A,Education,die Prüfung
die,Pubertät,puberty,M,Health,die Pubertät
das,Publikum,audience,A,The arts,das Publikum
der,Pudding,pudding,M,Food,der Pudding
der,Pullover,sweater,B,Shopping,der Pullover
das,Pulver,powder,B,Science,das Pulver
die,Pumpe,pump,B,Work,die Pumpe
der,Punkt,point,B,Conceptional,der Punkt
die,Punktzahl,score,A,Leisure,die Punktzahl
die,Puppe,doll,M,House,die Puppe
das,Quadrat,square,A,Science,das Quadrat
die,Qualifikation,qualification ,B,Education,die Qualifikation
die,Qualität,quality,B,Conceptional,die Qualität
das,Quartal,quarter,M,Conceptional,das Quartal
der,Quarz,quartz,A,Science,der Quarz
das,Quechua,Quechuan (language),A,Education,das Quechua
die,Quelle,spring,A,Nature,die Quelle
der,Rabbi,rabbi,M,Society,der Rabbi
das,Rad,wheel,A,Transportation,das Rad
der,Radiator,radiator,B,House,der Radiator
das,Radio,radio,B,Leisure,das Radio
der,Rahmen,frame,A,House,der Rahmen
die,Rakete,rocket,M,Transportation,die Rakete
die,Rampe,ramp,M,Transportation,die Rampe
die,Ranch,ranch,A,Animals,die Ranch
der,Rand,edge,A,Conceptional,der Rand
der,Rang,rank,M,Military,der Rang
der,Rasen,lawn,A,Nature,der Rasen
die,Rast,rest,B,Leisure,die Rast
die,Rate,rate,M,Science,die Rate
der,Ratgeber,adviser,A,Work,der Ratgeber
der,Ratschlag,advice,A,Psychology,der Ratschlag
das,Rätsel,riddle,A,Science,das Rätsel
die,Ratte,rat,A,Animals,die Ratte
der,Rauch,smoke,M,Science,der Rauch
der,Raum,room / space,B,House,der Raum
die,Reaktion,reaction,B,Science,die Reaktion
der,Reaktor,reactor,B,Society,der Reaktor
die,Realität,reality,M,Psychology,die Realität
die,Rebellion,rebellion ,B,Military,die Rebellion
die,Rechnung,bill,A,Work,die Rechnung
das,Recht,right,B,Conceptional,das Recht
die,Rede,speech,M,Leisure,die Rede
die,Referenz,reference,M,Society,die Referenz
die,Reflexion,reflection,A,Psychology,die Reflexion
das,Regal,shelf,M,House,das Regal
die,Regel,rule,M,Conceptional,die Regel
die,Regel,rule,M,Education,die Regel
der,Regen,rain,B,Nature,der Regen
der,Regenschirm,umbrella,A,House,der Regenschirm
der,Regentropfen,raindrop,B,Nature,der Regentropfen
die,Regierung,government,A,Society,die Regierung
das,Regime,regime,B,Society,das Regime
die,Region,region,B,Nature,die Region
das,Register,register,B,Education,das Register
das,Reh,deer,A,Animals,das Reh
das,Reich,empire,M,Society,das Reich
der,Reichtum,wealth,A,Society,der Reichtum
die,Reichweite,range,A,Transportation,die Reichweite
der,Reifen,tire,A,Transportation,der Reifen
die,Reihe,row,M,Science,die Reihe
der,Reis,rice,B,Food,der Reis
die,Reise,travel,B,Transportation,die Reise
das,Relief,relief,M,Conceptional,das Relief
die,Religion,religion,B,Society,die Religion
das,Rennen,race,B,Leisure,das Rennen
der,Reporter,reporter,M,Work,der Reporter
die,Republik,republic,B,Society,die Republik
die,Reserve,reserve ,B,Military,die Reserve
der,Respekt,respect,B,Psychology,der Respekt
die,Ressource,resource,M,Work,die Ressource
das,Restaurant,restaurant,B,Food,das Restaurant
die,Revolte,revolt ,B,Military,der Revolte
die,Revolution,revolution ,B,Military,die Revolution
die,Rezeption,reception,B,Society,die Rezeption
der,Rhythmus,rhythm,M,The arts,der Rhythmus
der,Richter,judge,M,Work,der Richter
die ,Richterin,judge (female),A,Work,die Richterin
die,Richtlinie,guideline,B,Society,die Richtlinie
die,Richtung,direction,A,Transportation,die Richtung
der,Ring,ring,B,Shopping,der Ring
die,Rippe,rib,A,Health,die Rippe
das,Risiko,risk,B,Psychology,das Risiko
der,Riss,crack,A,House,der Riss
der,Ritter,knight,M,Military,der Ritter
das,Ritual,ritual,M,Society,das Ritual
der,Roboter,robot,M,Work,der Roboter
der,Rock,skirt,M,Shopping,der Rock
der,Roggen,rye,A,Food,der Roggen
das,Rohr,tube,M,Transportation,das Rohr
die,Rolle,role,M,The arts,die Rolle
der,Rollstuhl,wheelchair,M,Health,der Rollstuhl
der,Roman,novel,M,The arts,der Roman
die,Romantik,romanticism,A,Society,die Romantik
das,Rosa,pink,B,Conceptional,das Rosa
die,Rose,rose,M,Nature,die Rose
das ,Rot,red,M,Education,das  Rot
das,Rotkehlchen,robin,A,Animals,das Rotkehlchen
der ,Rotwein,red wine,B,Food,der  Rotwein
die,Route,route,M,Transportation,die Route
die,Routine,routine,M,Conceptional,die Routine
der,Rubin,ruby,A,Science,der Rubin
der,Rücken,back,M,Conceptional,der Rücken
die,Rückkehr,return,M,Transportation,die Rückkehr
die,Rückmeldung,feedback ,A,Education,die Rückmeldung
der,Rucksack,backpack,M,Shopping,der Rucksack
der,Rückzug,withdrawal,A,Military,der Rückzug
der,Ruf,call,B,Work,der Ruf
der,Ruhm,glory,A,Military,der Ruhm
die,Ruine,ruin,M,Conceptional,die Ruine
der ,Rum,rum,A,Food,der  Rum
der,Rumpf,torso,M,Health,der Rumpf
die,Runde,round,M,Conceptional,die Runde
der,Rüssel,trunk,A,Nature,der Rüssel
das,Russisch,Russian (language),B,Education,das Russisch
die,Rüstung,armor,A,Military,die Rüstung
der,Rutsch,slip,A,Leisure,der Rutsch
die,Saat,seed,M,Nature,die Saat
der,Sack,sack,B,Shopping,der Sack
der,Saft,juice,M,Food,der Saft
der,Salat,salad,B,Food,der Salat
das,Salz,salt,M,Food,das Salz
die,Sammlung,collection,A,The arts,die Sammlung
der,Samstag,Saturday,M,Time,der Samstag
der,Samt,velvet,A,Shopping,der Samt
der,Sand,sand,B,Nature,der Sand
das,Sandwich,sandwich,M,Food,das Sandwich
der,Sänger,singer,M,The arts,der Sänger
der,Sarg,coffin,A,Society,der Sarg
der,Satellit,satellite,M,Work,der Satellit
der,Sattel,saddle,A,Transportation,der Sattel
der,Saturn,Saturn,A,Science,der Saturn
der,Satz,sentence,M,Education,der Satz
die,Sauce,sauce,M,Food,die Sauce
der,Sauerstoff,oxygen,A,Science,der Sauerstoff
der,Säugling,baby,A,Family,der Säugling
der,Schädel,skull,M,Health,der Schädel
der,Schaden,damage,A,Society,der Schaden
das,Schaf,sheep,M,Animals,das Schaf
der,Schal,scarf,B,Shopping,der Schal
die,Schale,bowl,M,Food,die Schale
der,Schalter,switch,M,Conceptional,der Schalter
das,Schaltjahr,leap year ,A,Time,das Schaltjahr
die,Schande,disgrace,A,Society,die Schande
der,Schatten,shadow,B,Conceptional,der Schatten
die,Schattierung,shade,A,Science,die Schattierung
der,Schatz,treasure,M,Society,der Schatz
die,Schaufel,shovel,A,House,die Schaufel
der,Schauspieler,actor,M,The arts,der Schauspieler
die,Schauspielerin,actress,M,The arts,die Schauspielerin
die,Scheibe,disk,A,The arts,die Scheibe
die,Scheidung,divorce,M,Family,die Scheidung
der,Scheinwerfer,headlight,B,Transportation,der Scheinwerfer
die,Schere,scissors ,A,Education,die Schere
die,Scheune,barn,M,Animals,die Scheune
die,Schicht,layer,B,Society,die Schicht
das,Schicksal,fate,A,Psychology,das Schicksal
die,Schiene,rail,A,Transportation,die Schiene
das,Schiff,ship,B,Transportation,das Schiff
die,Schildkröte,turtle,A,Animals,die Schildkröte
das,Schilf,reed,A,Nature,das Schilf
der,Schimpanse,chimpanzee,B,Animals,der Schimpanse
der,Schinken,ham,A,Food,der Schinken
das,Schlachtschiff,battleship,A,Military,das Schlachtschiff
der,Schlaf,sleep,B,Leisure,der Schlaf
der,Schlafanzug,pajamas,A,Shopping,der Schlafanzug
die,Schlafenszeit,bedtime,A,Time,die Schlafenszeit
das,Schlafzimmer,bedroom,A,House,das Schlafzimmer
der,Schlag,blow,B,Leisure,der Schlag
der,Schlamm,mud,A,Nature,der Schlamm
die,Schlange,snake,M,Animals,die Schlange
der,Schlauch,hose,M,House,der Schlauch
die,Schleife,loop,M,Conceptional,die Schleife
das,Schließfach,locker,A,Education,das Schließfach
das,Schloss,château,A,House,das Schloss
der,Schluck,sip,A,Leisure,der Schluck
der,Schlüssel,key,A,House,der Schlüssel
der,Schmerz,pain,B,Health,der Schmerz
der,Schmetterling,butterfly,M,Animals,der Schmetterling
der,Schmuck,jewelry,A,Shopping,der Schmuck
der,Schnee,snow,B,Nature,der Schnee
der ,Schneefall,snowfall,M,Nature,der Schneefall
der,Schnitt,cut,M,Leisure,der Schnitt
die,Schnur,cord,M,Leisure,die Schnur
der,Schnurrbart,mustache,A,Health,der Schnurrbart
der,Schock,shock,M,Psychology,der Schock
die,Schokolade,chocolate,B,Food,die Schokolade
die,Schönheit,beauty,M,Conceptional,die Schönheit
der,Schrank,closet,M,House,der Schrank
der,Schreck,fright,A,Health,der Schreck
der,Schrecken,terror,A,Psychology,der Schrecken
der,Schrei,scream,M,Society,der Schrei
das,Schreiben,writing,A,The arts,das Schreiben
der,Schreibtisch,desk,A,Education,der Schreibtisch
der,Schritt,step,B,Leisure,der Schritt
die,Schrotflinte,shotgun,A,Military,die Schrotflinte
der,Schrott,scrap metal,A,Work,der Schrott
die,Schublade,drawer,M,House,die Schublade
der,Schuh,shoe,B,Shopping,der Schuh
die,Schuld,guilt,M,Society,die Schuld
die,Schule,school,B,Education,die Schule
der,Schüler,pupil ,B,Education,der Schüler
die,Schulter,shoulder,B,Health,die Schulter
die,Schürze,apron,A,Shopping,die Schürze
der,Schuss,shot,M,Leisure,der Schuss
der,Schutz,protection,A,Society,der Schutz
der,Schutz,protection ,A,Military,der Schutz
die,Schwäche,weakness,A,Military,die Schwäche
das,Schwarz,black,M,Education,das Schwarz
das,Schwein,pig,M,Animals,das Schwein
der,Schweiß,sweat,A,Health,der Schweiß
die,Schwerkraft,gravity,M,Science,die Schwerkraft
das,Schwert,sword,A,Military,das Schwert
die,Schwester,sister,B,Family,die Schwester
die,Schwesterschaft,sisterhood,A,Family,die Schwesterschaft
die,Schwierigkeit,difficulty,B,Psychology,die Schwierigkeit
das,Schwimmbecken,pool,M,Leisure,das Schwimmbecken
das,Schwimmen,swimming,B,Leisure,das Schwimmen
der,Schwung,momentum ,A,Time,der Schwung
der,See,lake,B,Nature,der See
die,Seele,soul,B,Psychology,die Seele
der,Seemann,sailor,M,Work,der Seemann
das,Segel,sail,A,Transportation,das Segel
der,Segen,blessing,A,Society,der Segen
das,Segment,segment,B,Conceptional,das Segment
die,Sehenswürdigkeit,tourist attraction,M,Leisure,die Sehenswürdigkeit
die,Seide,silk,M,Shopping,die Seide
die,Seife,soap,B,House,die Seife
das,Seil,rope,M,Leisure,das Seil
das,Sein,being,B,Psychology,das Sein
die,Seite,side,B,Conceptional,die Seite
die,Seitenleiste,sidebar,A,Work,die Seitenleiste
der,Sekretär,secretary,M,Work,der Sekretär
der ,Sekt,sparkling wine,M,Food,der  Sekt
die,Sektion,section,M,Conceptional,die Sektion
der,Sektor,sector,B,Society,der Sektor
die,Sekunde,second ,M,Time,die Sekunde
das,Semester,semester ,B,Time,das Semester
das,Seminar,seminar,B,Education,das Seminar
der,Senator,senator,M,Work,der Senator
die,Sendung,broadcast,A,Leisure,die Sendung
die,Sensation,sensation,M,Psychology,die Sensation
der,Sensor,sensor,B,House,der Sensor
der,September,September,B,Time,der September
die,Sequenz,sequence,M,Time,die Sequenz
der,Service,service,B,Work,der Service
die,Serviette,napkin,M,House,die Serviette
der,Sessel,armchair,A,House,der Sessel
der,Seufzer,sigh,A,Psychology,der Seufzer
das,Shampoo,shampoo,B,Shopping,das Shampoo
der,Sheriff,sheriff,A,Leisure,der Sheriff
der ,Sherry,sherry,A,Food,der  Sherry
die,Show,show,B,The arts,die Show
die,Sicherheit,security,M,Military,die Sicherheit
die,Sicht,view,M,Nature,die Sicht
der,Sieg,victory,A,Leisure,der Sieg
der,Sieger,winner,B,Society,der Sieger
das,Signal,signal,B,Transportation,das Signal
das,Silber,silver,M,Shopping,das Silber
das,Silber,silver,A,Conceptional,das Silber
der,Sinn,sense,B,Health,der Sinn
die,Sirene,siren,A,Education,die Sirene
die,Situation,situation,B,Conceptional,die Situation
die,Sitzung,meeting,M,Society,die Sitzung
die,Skala,scale,M,Society,die Skala
das,Skelett,skeleton,B,Health,das Skelett
die,Skizze,sketch ,A,The arts,die Skizze
der,Sklave,slave,M,Society,der Sklave
das,Skript,script,M,The arts,das Skript
die,Skulptur,sculpture ,B,The arts,die Skulptur
der,Slang,slang,B,Society,der Slang
der ,Smoking,tuxedo,M,Shopping,der  Smoking
die,Socke,sock,B,Shopping,die Socke
das,Sofa,sofa,M,House,das Sofa
der,Sohn,son,B,Family,der Sohn
der,Soldat,soldier,B,Military,der Soldat
der,Sommer,Summer,B,Time,der Sommer
die,Sonne,sun,B,Nature,die Sonne
der,Sonnenaufgang,sunrise ,A,Time,der Sonnenaufgang
die,Sonnenbrille,sunglasses,M,Shopping,die Sonnenbrille
das,Sonnenlicht,sunlight,M,Nature,das Sonnenlicht
der,Sonnenschein,sunshine,M,Nature,der Sonnenschein
der,Sonnenuntergang,sunset,M,Nature,der Sonnenuntergang
der,Sonnenuntergang,sunset ,A,Time,der Sonnenuntergang
der,Sonntag,Sunday,B,Time,der Sonntag
die,Sorge,worry,B,Psychology,die Sorge
die,Spannung,voltage,A,Science,die Spannung
der,Spargel,asparagus,A,Food,der Spargel
der,Spaß,fun,B,Leisure,der Spaß
der,Speer,spear,A,Military,der Speer
der,Speicher,storehouse,M,House,der Speicher
der,Speisesaal,dining room,M,House,der Speisesaal
der,Spekulant,speculator,B,Society,der Spekulant
der,Spiegel,mirror,M,House,der Spiegel
das,Spiel,game,B,Leisure,das Spiel
der,Spieler,player,M,Leisure,der Spieler
der,Spielplatz,playground ,A,Education,der Spielplatz
das,Spielzeug,toy,A,Leisure,das Spielzeug
die,Spinne,spider,B,Animals,die Spinne
das,Spital,hospital,M,Health,das Spital
die,Spitze,peak,M,Nature,die Spitze
der,Spitzer,pencil sharpener,A,Education,der Spitzer
der,Sport,sport,B,Leisure,der Sport
die,Sprache,language,B,Society,die Sprache
das,Spray,spray,M,House,das Spray
der,Sprung,jump,A,Leisure,der Sprung
die,Spur,trace,M,Society,die Spur
der,Staat,state,B,Society,der Staat
das,Stadium,stadium,M,Leisure,das Stadium
die,Stadt,town,B,Society,die Stadt
der,Stahl,steel,M,Work,der Stahl
der,Stall,stable,M,Leisure,der Stall
der,Stamm,trunk,M,Nature,der Stamm
der,Standard,standard,B,Conceptional,der Standard
der,Standort,site,B,Work,der Standort
die,Stange,rod,A,Leisure,die Stange
der,Stapel,stack,M,Society,der Stapel
der,Star,starling,A,Animals,der Star
die,Stärke,strength,B,Psychology,die Stärke
die,Statistik,statistic,B,Science,die Statistik
die,Statue,statue,B,The arts,die Statue
der,Status,status,B,Work,der Status
der,Staub,dust,M,House,der Staub
das,Steak,steak,M,Food,das Steak
der,Stein,stone,B,Nature,der Stein
die,Stellung,position,A,Conceptional,die Stellung
die,Stellung,emplacement,A,Military,die Stellung
der,Stellvertreter,deputy,M,Work,der Stellvertreter
der,Stern,star,B,Science,der Stern
die,Steuer,tax,A,Work,die Steuer
die,Stiefmutter,step mother ,M,Family,die Stiefmutter
der,Stiefsohn,stepson,M,Family,der Stiefsohn
die,Stieftochter,stepdaughter ,M,Family,die Stieftochter
der,Stiefvater,step father ,M,Family,der Stiefvater
der,Stier,bull,M,Animals,der Stier
der,Stift,pencil,A,Education,der Stift
der,Stift,pen,A,Education,der Stift
der,Stil,style,M,Shopping,der Stil
die,Stille,silence,B,Society,die Stille
die,Stimme,voice,B,Society,die Stimme
die,Stimmung,mood,M,Psychology,die Stimmung
die,Stirn,forehead,A,Health,die Stirn
das,Stirnrunzeln,frown,A,Society,das Stirnrunzeln
der,Stock,stick,A,Nature,der Stock
der,Stolz,pride,A,Psychology,der Stolz
der,Stoß,push,A,Leisure,der Stoß
die,Strafe,punishment,M,Society,die Strafe
der,Strahl,ray,M,Science,der Strahl
der,Strand,beach,A,Leisure,der Strand
der,Strang,strand,A,Leisure,der Strang
die,Straße,street,A,Transportation,die Straße
die,Strecke,route,A,Transportation,die Strecke
der,Streifen,strip,M,Society,der Streifen
der,Strohhalm,drinking straw,A,Food,der Strohhalm
der,Strom,current,B,Science,der Strom
die,Strömung,flow,A,Science,die Strömung
die,Struktur,structure,B,Work,die Struktur
das,Stück,piece,A,Conceptional,das Stück
der,Student,student,B,Education,der Student
die,Studie,study,B,Education,die Studie
die,Studiengebühr,tuition fee,A,Education,die Studiengebühr
das,Studio,studio,B,The arts,das Studio
das,Studium,study,B,Education,das Studium
der,Stuhl,chair,B,House,der Stuhl
der,Stumpf,stump,A,Nature,der Stumpf
die,Stunde,hour,A,Time,die Stunde
der,Stundenplan,timetable,A,Education,der Stundenplan
der,Sturm,storm,B,Nature,der Sturm
die,Substanz,substance,B,Science,die Substanz
die,Suche,search,M,Science,die Suche
der,Süden,south,B,Nature,der Süden
der,Südpol,South Pole,M,Nature,der Südpol
die,Suite,suite,A,House,die Suite
die,Summe,sum,B,Science,die Summe
der,Sumpf,marsh,A,Nature,der Sumpf
die,Sünde,sin,M,Psychology,die Sünde
die,Suppe,soup,M,Food,die Suppe
die,Süßigkeit,sweetness,M,Food,die Süßigkeit
das,Symbol,symbol,B,Conceptional,das Symbol
die,Sympathie,sympathy,B,Psychology,die Sympathie
die,Synchronisation,synchronization ,B,Time,die Synchronisation
das,System,system,B,Work,das System
die,Szene,scene,B,Society,die Szene
das,T-Shirt,T-shirt,B,Shopping,das T-Shirt
der,Tabak,tobacco,A,Health,der Tabak
die,Tafel,table,B,House,die Tafel
die,Tafel,blackboard ,A,Education,die Tafel
der,Tag,day,B,Time,der Tag
das,Tagebuch,diary,M,Education,das Tagebuch
das,Tageslicht,daylight,M,Nature,das Tageslicht
das,Tageslicht,daylight ,A,Time,das Tageslicht
die,Tageszeit,daytime,A,Time,die Tageszeit
die,Taille,waist,M,Health,die Taille
das,Tal,valley,M,Nature,das Tal
das,Talent,talent,M,The arts,das Talent
die,Tante,aunt,M,Family,die Tante
der,Tanz,dance,A,The arts,der Tanz
das,Tanzen,dancing,B,Leisure,das Tanzen
der,Tänzer,dancer,M,The arts,der Tänzer
die,Tänzerin,dancer (female),M,The arts,die Tänzerin
die,Tarnung,camouflage ,A,Military,die Tarnung
die,Tasche,bag,B,Shopping,die Tasche
die,Taschenlampe,flashlight,A,House,die Taschenlampe
das,Taschentuch,handkerchief,B,Health,das Taschentuch
die,Tasse,cup,M,Food,die Tasse
die,Tastatur,keyboard,A,Work,die Tastatur
die,Tatsache,fact,B,Science,die Tatsache
die,Taube,pigeon,M,Animals,die Taube
der,Tausch,exchange,A,Conceptional,der Tausch
das,Taxi,taxi,M,Transportation,das Taxi
das,Team,team,M,Leisure,das Team
der,Techniker,engineer,M,Work,der Techniker
die,Technologie,technology,B,Work,die Technologie
der,Tee,tea,B,Food,der Tee
der,Teenager,teenager,M,Society,der Teenager
der,Teich,pond,M,Nature,der Teich
der,Teig,dough,A,Food,der Teig
das,Telefon,phone,B,House,das Telefon
der,Teller,plate,A,House,der Teller
der,Tempel,temple,M,Society,der Tempel
das,Temperament,temperament,B,Psychology,das Temperament
die,Temperatur,temperature,B,Nature,die Temperatur
das,Tempo,tempo ,B,Leisure,das Tempo
die,Tendenz,tendency,B,Society,die Tendenz
der,Tennis,tennis,B,Leisure,der Tennis
der,Teppich,carpet,A,House,der Teppich
der ,Tequila,tequila,M,Food,der  Tequila
der,Termin,appointment,A,Time,der Termin
die,Terrasse,terrace,M,House,die Terrasse
das,Territorium,territory,B,Society,das Territorium
der,Terror,terror,B,Psychology,der Terror
der,Test,test,B,Education,der Test
der,Teufel,devil,A,Education,der Teufel
der,Text,text,B,The arts,der Text
das,Thanksgiving,Thanksgiving,B,Conceptional,das Thanksgiving
das,Theater,theater,B,The arts,das Theater
das,Thema,subject,B,Conceptional,das Thema
das,Thema,subject ,B,Education,das Thema
die,Theorie,theory,B,Science,die Theorie
die,These,thesis,M,Education,die These
das,Ticket,ticket,B,Leisure,das Ticket
die,Tiefe,depth,A,Science,die Tiefe
das,Tier,animal,B,Animals,das Tier
der,Tiger,tiger,B,Animals,der Tiger
der,Timer,timer,B,Time,der Timer
das,Timing,timing,B,Conceptional,das Timing
die,Tinte,ink,M,The arts,die Tinte
der,Tisch,table,B,House,der Tisch
das,Titan,titanium,B,Conceptional,das Titan
der,Titel,title,B,Work,der Titel
die,Titelseite,cover,M,The arts,die Titelseite
der,Toast,toast,B,Food,der Toast
die,Tochter,daughter,B,Family,die Tochter
der,Tod,death,B,Health,der Tod
die,Toilette,toilet,M,House,die Toilette
die,Toleranz,tolerance,B,Society,die Toleranz
die,Tomate,tomato,B,Food,die Tomate
der,Ton,tone,B,Science,der Ton
der,Topf,pot,M,House,der Topf
das,Tor,gate,M,Transportation,das Tor
der ,Tornado,tornado,M,Nature,der Tornado
der,Torso,torso ,B,Health,der Torso
die,Tour,tour,B,Leisure,die Tour
der,Tourist,tourist,M,Transportation,der Tourist
die,Tradition,tradition,B,Society,die Tradition
die,Tragödie,tragedy,B,The arts,die Tragödie
der,Trainer,coach,M,Leisure,der Trainer
das,Training,training,B,Leisure,das Training
der,Traktor,tractor,B,Transportation,der Traktor
die,Träne,tear,B,Psychology,die Träne
die,Trauer,sorrow,A,Psychology,die Trauer
der,Traum,dream,A,Psychology,der Traum
die,Traurigkeit,sadness,A,Psychology,die Traurigkeit
das,Treffen,meeting,B,Work,das Treffen
die,Treppe,staircase,A,House,die Treppe
der,Trick,trick,M,Conceptional,der Trick
das,Trimester,trimester ,B,Time,das Trimester
das,Trinkgeld,tip,M,Work,das Trinkgeld
der,Tritt,step,A,Transportation,der Tritt
die,Trommel,drum,A,The arts,die Trommel
der,Tropfen,drop,M,Nature,der Tropfen
die,Trübung,haze,A,Nature,die Trübung
die,Truppe,troop,M,Military,die Truppe
der,Truthahn,turkey (cock),M,Animals,der Truthahn
das,Tuch,cloth,A,Shopping,das Tuch
der,Tumor,tumor,B,Health,der Tumor
der,Tunnel,tunnel,M,Transportation,der Tunnel
die,Tür,door,B,House,die Tür
das,Türkis,turquoise,B,Conceptional,das Türkis
der,Turm,tower,M,House,der Turm
die,Türöffnung,doorway,M,House,die Türöffnung
der,Tutor,tutor,B,Education,der Tutor
das,Tutorial,tutorial,B,Education,das Tutorial
der,Typ,type,M,Conceptional,der Typ
die,U-Bahn,subway,A,Transportation,die U-Bahn
die,Überprüfung,verification,M,Society,die Überprüfung
die,Überraschung,surprise,A,Psychology,die Überraschung
die,Übung,exercise,A,Leisure,die Übung
die,Uhr,watch,M,Time,die Uhr
die,Umarmung,hug,M,Psychology,die Umarmung
die,Umgebung,surrounding,A,Society,die Umgebung
der,Umhang,cape,M,Shopping,der Umhang
die,Umlaufbahn,orbit,A,Science,die Umlaufbahn
der,Umschlag,envelope,A,Work,der Umschlag
der,Umstand,circumstance,A,Psychology,der Umstand
der,Unfall,accident,M,Health,der Unfall
das,Ungarisch,Hungarian (language),A,Education,das Ungarisch
die,Ungläubigkeit,incredulity,A,Psychology,die Ungläubigkeit
das,Unglück,misfortune,B,Psychology,das Unglück
die,Uniform,uniform,B,Military,die Uniform
die,Union,union,B,Society,die Union
die,Universität,university,B,Education,die Universität
das,Universum,universe,M,Science,das Universum
das,Unkraut,weed,A,Nature,das Unkraut
die,Unordnung,disorder,M,Society,die Unordnung
der,Unrat,filth,A,House,der Unrat
der,Unsinn,nonsense,M,Psychology,der Unsinn
der,Unterarm,forearm,M,Health,der Unterarm
die,Unterhaltung,conversation,B,Society,die Unterhaltung
das,Unternehmen,company,A,Work,das Unternehmen
der,Unterricht,lesson,A,Education,der Unterricht
der,Unterschenkel,lower leg,A,Health,der Unterschenkel
der,Unterschied,difference,M,Science,der Unterschied
die,Unterstützung,support,B,Psychology,die Unterstützung
die,Unterwäsche,underwear,M,Shopping,die Unterwäsche
der,Uranus,Uranus,A,Science,der Uranus
der,Urgroßvater,great grandfather ,M,Family,der Urgroßvater
das,Urheberrecht,copyright,A,Work,das Urheberrecht
der,Urin,urine,M,Health,der Urin
der,Urlaub,vacation,B,Leisure,der Urlaub
die,Uroma,great grandmother ,M,Family,die Urgroßmutter
der,Ursprung,origin,M,Society,der Ursprung
das,Urteil,judgment,A,Conceptional,das Urteil
der,Vampir,vampire,B,Education,der Vampir
der,Vater,father,B,Family,der Vater
die,Vaterschaft,paternity,A,Family,die Vaterschaft
die,Vene,vein,A,Health,die Vene
die,Venus,Venus,A,Science,die  Venus
die,Veränderung,change,A,Conceptional,die Veränderung
die,Veranstaltung,event,A,Leisure,die Veranstaltung
die,Verantwortung,responsibility,A,Psychology,die Verantwortung
die,Verbindung,connection,A,Society,die Verbindung
das,Verbrechen,crime,A,Society,das Verbrechen
der,Verdacht,suspicion,A,Conceptional,der Verdacht
die,Vereinbarung,agreement,A,Work,die Vereinbarung
das,Verfahren,procedure,A,Health,das Verfahren
der,Verfasser,writer,A,Work,der Verfasser
die,Vergangenheit,past,A,Time,die Vergangenheit
der,Vergnügungspark,amusement park,M,Leisure,der Vergnügungspark
das,Verhalten,behavior,A,Psychology,das Verhalten
das,Verhältnis,relation,M,Family,das Verhältnis
der,Verkauf,sale,A,Shopping,der Verkauf
die,Verkäuferin,saleswoman,M,Work,die Verkäuferin
der,Verkehr,traffic,A,Transportation,der Verkehr
der,Verlag,publisher,A,Work,der Verlag
das,Verlangen,desire,A,Psychology,das Verlangen
die,Verlegenheit,embarrassment,M,Psychology,die Verlegenheit
die,Verletzung,injury,A,Health,die Verletzung
der,Verlust,loss,B,Science,der Verlust
das,Vermögen,fortune,A,Work,das Vermögen
die,Vermutung,assumption,A,Conceptional,die Vermutung
das,Versagen,failure,A,Psychology,das Versagen
die,Versammlung,assembly,M,Work,die Versammlung
die,Versicherung,insurance,A,Work,die Versicherung
die,Version,version,B,Work,die Version
die,Versorgung,supply,M,Work,die Versorgung
die,Verspätung,delay ,A,Time,die Verspätung
das,Versprechen,promise,A,Psychology,das Versprechen
das,Verständnis,understanding,B,Psychology,das Verständnis
der,Versuch,try,A,Leisure,der Versuch
die,Verteidigung,defense,M,Military,die Verteidigung
der,Vertrag,contract,A,Work,der Vertrag
das,Vertrauen,trust,M,Psychology,das Vertrauen
der,Verwandte,relative,M,Family,der Verwandte
die,Verwendung,use,A,Work,die Verwendung
die,Verwirrung,confusion,A,Psychology,die Verwirrung
die,Verzweiflung,despair,A,Psychology,die Verzweiflung
das,Veto,veto,B,Society,das Veto
das,Video,video,M,Society,das Video
das,Vieh,cattle,B,Animals,das Vieh
die,Vielfalt,variety,B,Conceptional,die Vielfalt
das,Viertel,quarter,M,Conceptional,das Viertel
die,Viertelstunde,quarter hour ,A,Time,die Viertelstunde 
die,Villa,villa,M,House,die Villa
das,Visum,visa,M,Transportation,das Visum
der,Vogel,bird,B,Animals,der Vogel
der,Vokal,vowel,A,Education,der Vokal
das,Volk,people,A,Society,das Volk
das,Volumen,volume,B,Society,das Volumen
der,Vorabend,eve,A,Time,der Vorabend
der,Vorfahr,ancestor,A,Family,der Vorfahr
der,Vorfall,incident,M,Conceptional,der Vorfall
die,Vorhalle,lobby,M,House,die Vorhalle
der,Vormarsch,advance,A,Military,der Vormarsch
die,Vorrichtung,appliance,A,House,die Vorrichtung
der,Vorschlag,suggestion,A,Conceptional,der Vorschlag
der,Vorteil,advantage,A,Psychology,der Vorteil
der,Vortrag,lecture,A,Education,der Vortrag
der,Wächter,guard,A,Work,der Wächter
die,Waffe,weapon,A,Military,die Waffe
die,Waffel,waffle,M,Food,die Waffel
der,Wagen,car,B,Transportation,der Wagen
die,Wahl,choice,A,Psychology,die Wahl
die,Wahrheit,truth,A,Psychology,die Wahrheit
der,Wal,whale,A,Animals,der Wal
der,Wald,forest,A,Nature,der Wald
die,Wand,wall,B,House,die Wand
der,Wanderer,hiker,M,Leisure,der Wanderer
die,Wange,cheek,M,Health,die Wange
die,Wanne,tub,A,House,die Wanne
das,Warenhaus,department store,M,Shopping,das Warenhaus
die,Wärme,warmth,B,Psychology,die Wärme
die,Warnung,warning,M,Psychology,die Warnung
das,Warten,waiting,M,Leisure,das Warten
das,Waschbecken,sink,M,House,das Waschbecken
die,Wäsche,laundry,B,House,die Wäsche
das,Wasser,water,B,Nature,das Wasser
der,Wasserhahn,faucet,M,House,der Wasserhahn
die ,Wassermelone,watermelon,M,Food,die  Wassermelone
der,Wechsel,change,M,Society,der Wechsel
der,Wecker,alarm clock,A,Time,der Wecker
der,Weg,way,B,Transportation,der Weg
die,Weide,pasture,A,Nature,die Weide
die,Weihnacht,Christmas,A,Time,die Weihnacht
das,Weihnachtslied,carol,A,The arts,das Weihnachtslied
der,Wein,wine,B,Food,der Wein
das,Weinen,crying,A,Psychology,das Weinen
der,Weinstock,vine,M,Nature,der Weinstock
die,Weisheit,wisdom,B,Psychology,die Weisheit
das,Weiß,White,B,Conceptional,das Weiß
der ,Weißwein,White wine,B,Food,der  Weißwein
der,Weizen,wheat,A,Food,der Weizen
die,Welle,wave,M,Nature,die Welle
der,Welpe,puppy,M,Animals,der Welpe
die,Welt,world,B,Nature,die Welt
das,Werkzeug,tool,B,Work,das Werkzeug
der ,Wermut,vermouth,A,Food,der  Wermut
der,Wert,worth,M,Conceptional,der Wert
der,Westen,west,B,Nature,der Westen
das,Wetter,weather,B,Nature,das Wetter
der,Whisky,whiskey,M,Food,der Whisky
die,Wiese,meadow,A,Nature,die Wiese
der,Wille,will,B,Psychology,der Wille
die,Wimper,eyelash,M,Health,die Wimper
der,Wind,wind,B,Nature,der Wind
die,Windschutzscheibe,windshield,A,Transportation,die Windschutzscheibe
der,Winkel,angle,M,Science,der Winkel
der,Winter,Winter,B,Time,der Winter
die,Wirbelsäule,spine,M,Health,die Wirbelsäule
die,Wirkung,effect,A,Psychology,die Wirkung
die,Wirtschaft,economy,A,Society,die Wirtschaft
das,Wissen,knowledge,A,Science,das Wissen
die,Wissenschaft,science,A,Science,die Wissenschaft
der,Wissenschaftler,scientist,A,Work,der Wissenschaftler
die,Witwe,widow,M,Family,die Witwe
der,Witwer,widower,A,Family,der Witwer
der,Witz,joke,A,Leisure,der Witz
die,Woche,week,M,Time,die Woche
das,Wochenende,weekend,B,Time,das Wochenende
der ,Wodka,vodka,M,Food,der  Wodka
das,Wohl,welfare,M,Health,das Wohl
die,Wohnung,apartment,A,House,die Wohnung
das,Wohnzimmer,living room,A,House,das Wohnzimmer
der,Wolf,wolf,B,Animals,der Wolf
die,Wolke,cloud,M,Nature,die Wolke
die,Wolle,wool,M,Shopping,die Wolle
das,Wort,word,M,Education,das Wort
die,Wunde,wound,M,Health,die Wunde
das,Wunder,wonder,M,Psychology,das Wunder
der,Wunsch,wish,B,Psychology,der Wunsch
der,Würfel,cube,B,Science,der Würfel
der,Wurm,worm,M,Animals,der Wurm
die,Wurzel,root,A,Nature,die Wurzel
die,Wüste,desert,A,Nature,die Wüste
die,Wut,rage,A,Psychology,die Wut
die,Zahl,number,B,Science,die Zahl
die,Zahlung,payment,A,Shopping,die Zahlung
die,Zählung,count,A,Science,die Zählung
der,Zahn,tooth,A,Health,der Zahn
der,Zauber,magic,M,Leisure,der Zauber
der,Zauberer,wizard,M,Society,der Zauberer
der,Zaun,fence,A,House,der Zaun
der,Zebrastreifen,crosswalk,A,Society,der Zebrastreifen
die,Zehe,toe,A,Health,die Zehe
die,Zeichnung,drawing,A,The arts,die Zeichnung
die,Zeit,time,A,Time,die Zeit
die,Zeitung,newspaper,M,Leisure,die Zeitung
die,Zeitzone,time zone ,A,Time,die Zeitzone
die,Zelle,cell,B,Science,die Zelle
das,Zelt,tent,A,Leisure,das Zelt
der,Zement,cement,M,Work,der Zement
das,Zentrum,center,B,Society,das Zentrum
die,Zeremonie,ceremony,M,Society,die Zeremonie
der,Zettel,note,A,Society,der Zettel
das,Zeug,stuff,A,Conceptional,das Zeug
der,Zeuge,witness,A,Society,der Zeuge
die,Ziege,goat,M,Animals,die Ziege
der,Ziegel,brick,A,House,der Ziegel
die,Ziehfamilie,foster family ,A,Family,die Pflegefamilie
das,Ziel,goal,A,Leisure,das Ziel
das,Zimmer,room,B,House,das Zimmer
die,Zimmerdecke,ceiling,B,House,die Zimmerdecke
die ,Zitrone,lemon,M,Food,die  Zitrone
die,Zivilisation,civilization,M,Society,die Zivilisation
die,Zone,zone,M,Society,die Zone
der,Zoo,zoo,B,Animals,der Zoo
der,Zucker,sugar,B,Food,der Zucker
der,Zufall,coincidence,A,Psychology,der Zufall
die,Zuflucht,refuge,M,Leisure,die Zuflucht
die,Zufriedenheit,satisfaction,A,Psychology,die Zufriedenheit
der,Zug,train,A,Transportation,der Zug
die,Zugehörigkeit,membership,A,Society,die Zugehörigkeit
der,Zugriff,access,A,Work,der Zugriff
das,Zuhause,home,B,House,das Zuhause
die,Zukunft,future,M,Time,die Zukunft
die,Zunge,tongue,A,Health,die Zunge
die,Zuordnung,assignment,B,Work,die Zuordnung
der,Zuschuss,subsidy,A,Society,der Zuschuss
der,Zweck,purpose,A,Psychology,der Zweck
der,Zweifel,doubt,M,Psychology,der Zweifel
das,Zwielicht,twilight,A,Time,das Zwielicht
der,Zwilling,twin,M,Family,der Zwilling
,,,,,
2142,,,,,
834,39%,39,,,
816,38%,38,,,
492,23%,23,,,
,,,,,
Label,%,,,,
Der,39%,,,,
Die,38%,,,,
Das,23%,,,,